field,type,required,default,historical_draft,legacy_0.1,proposal_baseline,semantics_and_units,implementation_evidence
bus,object,True,not supplied by schema,True,True,True,Collection of buses,docs/conformance.md; parsing/preservation do not imply solver support
bus.*.perfectly_grounded_terminals,array,False,not supplied by schema,True,True,True,Array of terminal names which are perfectly grounded,docs/conformance.md; parsing/preservation do not imply solver support
bus.*.terminal_names,array,True,not supplied by schema,True,True,True,Ordered array of terminal names for this bus,docs/conformance.md; parsing/preservation do not imply solver support
bus.*.time_series,object,False,not supplied by schema,True,False,True,"Map from the name of a field of this element to the id of a `time_series` profile. The profile's values multiply the static value of that field, entry by entry over the profile's steps. Only a field this schema defines on this element may be named, and only a numeric one.",docs/conformance.md; parsing/preservation do not imply solver support
bus.*.v_max,array,False,not supplied by schema,True,True,True,"Maximum voltage magnitude [V] of each phase terminal of the bus, phase to ground, one entry per name in `terminal_names` that `terminal_conventions` classifies as a phase, in `terminal_names` order. The neutral bounds through `vn_max`, so this array carries no entry for it.",docs/conformance.md; parsing/preservation do not imply solver support
bus.*.v_min,array,False,not supplied by schema,True,True,True,"Minimum voltage magnitude [V] of each phase terminal of the bus, phase to ground, one entry per name in `terminal_names` that `terminal_conventions` classifies as a phase, in `terminal_names` order. The neutral bounds through `vn_max`, so this array carries no entry for it.",docs/conformance.md; parsing/preservation do not imply solver support
bus.*.vn_max,number,False,not supplied by schema,True,True,True,Maximum neutral-to-ground voltage magnitude [V]; only valid when the bus has a neutral terminal,docs/conformance.md; parsing/preservation do not imply solver support
bus.*.vneg_max,number,False,not supplied by schema,True,True,True,Maximum negative-sequence voltage magnitude [V] (three-phase buses); the lower bound is always 0,docs/conformance.md; parsing/preservation do not imply solver support
bus.*.vpn_max,array,False,not supplied by schema,True,True,True,"Maximum phase-to-neutral voltage magnitude [V], one entry per phase terminal in `terminal_names` order. Valid only when the bus carries a neutral terminal.",docs/conformance.md; parsing/preservation do not imply solver support
bus.*.vpn_min,array,False,not supplied by schema,True,True,True,"Minimum phase-to-neutral voltage magnitude [V], one entry per phase terminal in `terminal_names` order. Valid only when the bus carries a neutral terminal.",docs/conformance.md; parsing/preservation do not imply solver support
bus.*.vpos_max,number,False,not supplied by schema,True,True,True,Maximum positive-sequence voltage magnitude [V] (three-phase buses),docs/conformance.md; parsing/preservation do not imply solver support
bus.*.vpos_min,number,False,not supplied by schema,True,True,True,Minimum positive-sequence voltage magnitude [V] (three-phase buses),docs/conformance.md; parsing/preservation do not imply solver support
bus.*.vpp_max,array,False,not supplied by schema,True,True,True,"Maximum phase-to-phase voltage magnitude [V], one entry per ordered phase pair (1,2), (2,3), (3,1) of the bus's phase terminals, in that order. Valid only on a bus with at least two phase terminals.",docs/conformance.md; parsing/preservation do not imply solver support
bus.*.vpp_min,array,False,not supplied by schema,True,True,True,"Minimum phase-to-phase voltage magnitude [V], one entry per ordered phase pair (1,2), (2,3), (3,1) of the bus's phase terminals, in that order. Valid only on a bus with at least two phase terminals.",docs/conformance.md; parsing/preservation do not imply solver support
bus.*.vzero_max,number,False,not supplied by schema,True,True,True,Maximum zero-sequence voltage magnitude [V] (three-phase buses); the lower bound is always 0,docs/conformance.md; parsing/preservation do not imply solver support
capacitor,object,False,not supplied by schema,True,True,True,Fixed (nameplate-rated) shunt capacitor banks. See the math and data model for the element definitions and the q_rated/v_nom conventions per configuration.,docs/conformance.md; parsing/preservation do not imply solver support
capacitor.*.bus,string,True,not supplied by schema,True,True,True,bus the element is connected to,docs/conformance.md; parsing/preservation do not imply solver support
capacitor.*.configuration,string,True,not supplied by schema,True,True,True,"Element configuration, as WYE, DELTA, or SINGLE_PHASE",docs/conformance.md; parsing/preservation do not imply solver support
capacitor.*.q_rated,number,True,not supplied by schema,True,True,True,"Nameplate rated reactive power of the whole bank [var], delivered when the voltage across the capacitor element terminals equals v_nom. For WYE and DELTA this is the total across all three elements, not a per-element rating.",docs/conformance.md; parsing/preservation do not imply solver support
capacitor.*.terminal_map,array,True,not supplied by schema,True,True,True,"Ordered map from the terminals of an element to the terminals of the bus it connects to. Entry i names the bus terminal the element's conductor i connects to, and fixes the conductor ordering of every per-terminal array and every matrix index of the element.",docs/conformance.md; parsing/preservation do not imply solver support
capacitor.*.time_series,object,False,not supplied by schema,False,False,True,"Map from the name of a field of this element to the id of a `time_series` profile. The profile's values multiply the static value of that field, entry by entry over the profile's steps. Only a field this schema defines on this element may be named, and only a numeric one.",docs/conformance.md; parsing/preservation do not imply solver support
capacitor.*.v_nom,number,True,not supplied by schema,True,True,True,"Nameplate nominal voltage [V]: line-to-line for the three-phase configurations (both WYE and DELTA); for SINGLE_PHASE, the nominal voltage across the terminals of the individual capacitor element.",docs/conformance.md; parsing/preservation do not imply solver support
control_profile,object,False,not supplied by schema,True,False,True,Optional IBR extension: reusable control-law profiles referenced by IBRs (linecode-style sharing). Each sub-object is optional; its presence activates the corresponding control law.,docs/conformance.md; parsing/preservation do not imply solver support
control_profile.*.power_factor,object,False,not supplied by schema,True,False,True,Constant power factor operation,docs/conformance.md; parsing/preservation do not imply solver support
control_profile.*.power_factor.pf,number,True,not supplied by schema,True,False,True,"Power factor; positive = lagging (Q absorption), negative = leading (Q injection)",docs/conformance.md; parsing/preservation do not imply solver support
control_profile.*.volt_var,object,False,not supplied by schema,True,False,True,Volt-VAr droop: reactive power as a piecewise-linear function of a monitored voltage magnitude,docs/conformance.md; parsing/preservation do not imply solver support
control_profile.*.volt_var.breakpoints,array,True,not supplied by schema,True,False,True,"The four voltage breakpoints [U1, U2, U3, U4] [V] of the droop, non-decreasing. Below U1 the converter injects `q_limits[1]`, between U2 and U3 it exchanges no reactive power, above U4 it absorbs `q_limits[0]`, and it interpolates linearly on [U1, U2] and [U3, U4].",docs/conformance.md; parsing/preservation do not imply solver support
control_profile.*.volt_var.p_min_for_q,number,False,not supplied by schema,True,False,True,Active power below which reactive output is zero (OpenDSS %PminNoVars),docs/conformance.md; parsing/preservation do not imply solver support
control_profile.*.volt_var.p_min_for_q_max,number,False,not supplied by schema,True,False,True,Active power below which reactive capability is derated (OpenDSS %PminkvarMax),docs/conformance.md; parsing/preservation do not imply solver support
control_profile.*.volt_var.q_limits,array,True,not supplied by schema,True,False,True,"The two reactive-power limits [q_absorb, q_inject], q_absorb not positive and q_inject not negative, in vars or as a fraction of `s_max` as `q_unit` states.",docs/conformance.md; parsing/preservation do not imply solver support
control_profile.*.volt_var.q_ref,string,False,not supplied by schema,True,False,True,Reactive-power limit reference: VAR_MAX (fixed Q limits) or VAR_AVAILABLE (limits scale with sqrt(s_max^2 - P^2)),docs/conformance.md; parsing/preservation do not imply solver support
control_profile.*.volt_var.q_unit,string,False,not supplied by schema,True,False,True,Unit for reactive-power limit values: VA_FRACTION (fraction of s_max) or VAR (absolute),docs/conformance.md; parsing/preservation do not imply solver support
control_profile.*.volt_var.voltage_reference,string,True,not supplied by schema,True,False,True,Voltage quantity monitored by a control law,docs/conformance.md; parsing/preservation do not imply solver support
control_profile.*.volt_watt,object,False,not supplied by schema,True,False,True,Volt-Watt droop: active power limit as a piecewise-linear function of a monitored voltage magnitude,docs/conformance.md; parsing/preservation do not imply solver support
control_profile.*.volt_watt.breakpoints,array,True,not supplied by schema,True,False,True,"The two voltage breakpoints [U5, U6] [V] of the active-power limit, non-decreasing. At or below U5 the limit is `p_limits[0]`, at or above U6 it is `p_limits[1]`, and it interpolates linearly between them.",docs/conformance.md; parsing/preservation do not imply solver support
control_profile.*.volt_watt.p_limits,array,True,not supplied by schema,True,False,True,"The two active-power limits [p_low, p_high] reached at U5 and U6, in watts or as a fraction of the `p_ref` base as `p_unit` states.",docs/conformance.md; parsing/preservation do not imply solver support
control_profile.*.volt_watt.p_ref,string,False,not supplied by schema,True,False,True,"Active-power normalisation base for Volt-Watt: P_AVAILABLE, P_MAX, or S_MAX",docs/conformance.md; parsing/preservation do not imply solver support
control_profile.*.volt_watt.p_unit,string,False,not supplied by schema,True,False,True,Unit for active-power limit values: VA_FRACTION (fraction of s_max) or W (absolute),docs/conformance.md; parsing/preservation do not imply solver support
control_profile.*.volt_watt.voltage_reference,string,True,not supplied by schema,True,False,True,Voltage quantity monitored by a control law,docs/conformance.md; parsing/preservation do not imply solver support
dc_branch,object,False,not supplied by schema,True,False,True,Collection of DC lines/cables. Each branch is a multi-conductor (1/2/3-wire) link between two dc_bus nodes with per-conductor scalar resistance (no inter-conductor mutual coupling).,docs/conformance.md; parsing/preservation do not imply solver support
dc_branch.*.dc_bus_from,string,True,not supplied by schema,True,False,True,Originating dc_bus id,docs/conformance.md; parsing/preservation do not imply solver support
dc_branch.*.dc_bus_to,string,True,not supplied by schema,True,False,True,Terminating dc_bus id,docs/conformance.md; parsing/preservation do not imply solver support
dc_branch.*.i_max,array,False,not supplied by schema,True,False,True,"Optional per-conductor current-magnitude limit [A]. One entry per name in `terminal_map_from`, in that order.",docs/conformance.md; parsing/preservation do not imply solver support
dc_branch.*.p_max,number,False,not supplied by schema,True,False,True,Optional branch active-power limit [W].,docs/conformance.md; parsing/preservation do not imply solver support
dc_branch.*.r,array,True,not supplied by schema,True,False,True,"Per-conductor resistance [Ohm]; one entry per wire. One entry per name in `terminal_map_from`, in that order.",docs/conformance.md; parsing/preservation do not imply solver support
dc_branch.*.terminal_map_from,array,True,not supplied by schema,True,False,True,DC terminals of dc_bus_from this branch connects to; length = wire count (1/2/3).,docs/conformance.md; parsing/preservation do not imply solver support
dc_branch.*.terminal_map_to,array,True,not supplied by schema,True,False,True,DC terminals of dc_bus_to this branch connects to; same length as terminal_map_from.,docs/conformance.md; parsing/preservation do not imply solver support
dc_branch.*.time_series,object,False,not supplied by schema,False,False,True,"Map from the name of a field of this element to the id of a `time_series` profile. The profile's values multiply the static value of that field, entry by entry over the profile's steps. Only a field this schema defines on this element may be named, and only a numeric one.",docs/conformance.md; parsing/preservation do not imply solver support
dc_bus,object,False,not supplied by schema,True,False,True,"Collection of DC buses (nodes of an MVDC/LVDC network). DC voltage is a signed magnitude relative to earth - no angle. A 1- or 2-terminal dc_bus is a monopole, a 3-terminal dc_bus is a bipole (positive pole, negative pole, metallic return). DC extension (all dc_* objects): under Task Force review for the July release.",docs/conformance.md; parsing/preservation do not imply solver support
dc_bus.*.perfectly_grounded_terminals,array,False,not supplied by schema,True,False,True,DC terminal names held perfectly at earth potential (v_dc = 0). Same idiom as the AC bus.,docs/conformance.md; parsing/preservation do not imply solver support
dc_bus.*.pole,object,False,not supplied by schema,True,False,True,"Optional map from terminal name to its pole role (POSITIVE, NEGATIVE, or METALLIC_RETURN), used for sign checks and line-to-line/line-to-neutral bound interpretation.",docs/conformance.md; parsing/preservation do not imply solver support
dc_bus.*.terminal_names,array,True,not supplied by schema,True,False,True,"Ordered DC terminal names. Length 1 (single pole, earth return), 2 (pole + return), or 3 (bipole: positive pole, negative pole, metallic return).",docs/conformance.md; parsing/preservation do not imply solver support
dc_bus.*.time_series,object,False,not supplied by schema,False,False,True,"Map from the name of a field of this element to the id of a `time_series` profile. The profile's values multiply the static value of that field, entry by entry over the profile's steps. Only a field this schema defines on this element may be named, and only a numeric one.",docs/conformance.md; parsing/preservation do not imply solver support
dc_bus.*.v_dc_max,array,False,not supplied by schema,True,False,True,"Per-terminal SIGNED line-to-ground voltage upper bound [V]; one entry per terminal. One entry per name in `terminal_names`, in that order.",docs/conformance.md; parsing/preservation do not imply solver support
dc_bus.*.v_dc_min,array,False,not supplied by schema,True,False,True,"Per-terminal SIGNED line-to-ground voltage lower bound [V]; one entry per terminal. Negative for a negative pole. One entry per name in `terminal_names`, in that order.",docs/conformance.md; parsing/preservation do not imply solver support
dc_bus.*.v_dc_nom,array,False,not supplied by schema,True,False,True,"Per-terminal SIGNED nominal line-to-ground voltage [V] (positive pole > 0, negative pole < 0, return ~ 0). Used to derive v_dc_min/v_dc_max during augmentation when those are absent. One entry per name in `terminal_names`, in that order.",docs/conformance.md; parsing/preservation do not imply solver support
dc_bus.*.vdc_ll_max,number,False,not supplied by schema,True,False,True,Maximum line-to-line DC voltage magnitude [V]. Bipole only.,docs/conformance.md; parsing/preservation do not imply solver support
dc_bus.*.vdc_ll_min,number,False,not supplied by schema,True,False,True,Minimum line-to-line DC voltage magnitude [V] (positive pole minus negative pole). Bipole only.,docs/conformance.md; parsing/preservation do not imply solver support
dc_bus.*.vdc_ln_max,number,False,not supplied by schema,True,False,True,Maximum line-to-neutral DC voltage magnitude [V].,docs/conformance.md; parsing/preservation do not imply solver support
dc_bus.*.vdc_ln_min,number,False,not supplied by schema,True,False,True,Minimum line-to-neutral DC voltage magnitude [V] (pole minus return / metallic-return conductor). Requires a return/neutral terminal.,docs/conformance.md; parsing/preservation do not imply solver support
dc_grounding,object,False,not supplied by schema,True,False,True,"Collection of DC earthing/return points. r = 0 (or omitted) is perfect grounding (v_dc fixed to 0 at the terminal, with free earth-return current); r > 0 is grounding through impedance (earth current = v_dc / r). At least one grounding per connected DC island sets the signed-voltage reference.",docs/conformance.md; parsing/preservation do not imply solver support
dc_grounding.*.dc_bus,string,True,not supplied by schema,True,False,True,dc_bus being earthed,docs/conformance.md; parsing/preservation do not imply solver support
dc_grounding.*.r,number,False,not supplied by schema,True,False,True,"Grounding resistance [Ohm]; 0 or omitted = perfect grounding, > 0 = grounding through impedance.",docs/conformance.md; parsing/preservation do not imply solver support
dc_grounding.*.terminal,string,True,not supplied by schema,True,False,True,Which dc_bus terminal is earthed (typically the metallic return / midpoint),docs/conformance.md; parsing/preservation do not imply solver support
dc_grounding.*.time_series,object,False,not supplied by schema,False,False,True,"Map from the name of a field of this element to the id of a `time_series` profile. The profile's values multiply the static value of that field, entry by entry over the profile's steps. Only a field this schema defines on this element may be named, and only a numeric one.",docs/conformance.md; parsing/preservation do not imply solver support
dc_load,object,False,not supplied by schema,True,False,True,Constant-power DC loads connected to a dc_bus terminal pair.,docs/conformance.md; parsing/preservation do not imply solver support
dc_load.*.dc_bus,string,True,not supplied by schema,True,False,True,dc_bus the load connects to,docs/conformance.md; parsing/preservation do not imply solver support
dc_load.*.p,number,True,not supplied by schema,True,False,True,Active power drawn [W],docs/conformance.md; parsing/preservation do not imply solver support
dc_load.*.terminal_map,array,True,not supplied by schema,True,False,True,"DC terminals the load draws across (e.g. [pole, return]).",docs/conformance.md; parsing/preservation do not imply solver support
dc_load.*.time_series,object,False,not supplied by schema,False,False,True,"Map from the name of a field of this element to the id of a `time_series` profile. The profile's values multiply the static value of that field, entry by entry over the profile's steps. Only a field this schema defines on this element may be named, and only a numeric one.",docs/conformance.md; parsing/preservation do not imply solver support
dc_source,object,False,not supplied by schema,True,False,True,DC-side sources (DC-coupled PV/storage feeding the DC network) connected to a dc_bus terminal pair.,docs/conformance.md; parsing/preservation do not imply solver support
dc_source.*.dc_bus,string,True,not supplied by schema,True,False,True,dc_bus the source injects into,docs/conformance.md; parsing/preservation do not imply solver support
dc_source.*.p,number,False,not supplied by schema,True,False,True,Active power injected [W]; fixed setpoint when p_min/p_max absent,docs/conformance.md; parsing/preservation do not imply solver support
dc_source.*.p_max,number,False,not supplied by schema,True,False,True,Maximum active power [W],docs/conformance.md; parsing/preservation do not imply solver support
dc_source.*.p_min,number,False,not supplied by schema,True,False,True,Minimum active power [W],docs/conformance.md; parsing/preservation do not imply solver support
dc_source.*.terminal_map,array,True,not supplied by schema,True,False,True,"DC terminals the source injects across (e.g. [pole, return]).",docs/conformance.md; parsing/preservation do not imply solver support
dc_source.*.time_series,object,False,not supplied by schema,False,False,True,"Map from the name of a field of this element to the id of a `time_series` profile. The profile's values multiply the static value of that field, entry by entry over the profile's steps. Only a field this schema defines on this element may be named, and only a numeric one.",docs/conformance.md; parsing/preservation do not imply solver support
extras,object,False,not supplied by schema,True,True,True,"The one free-form object of the document: case-level data this schema does not define. Every other object rejects unknown fields. Data here carries no defined meaning, so a reader that ignores it reads a different network than the writer wrote.",docs/conformance.md; parsing/preservation do not imply solver support
generator,object,False,not supplied by schema,True,True,True,Generator elements,docs/conformance.md; parsing/preservation do not imply solver support
generator.*.bus,string,True,not supplied by schema,True,True,True,bus the element is connected to,docs/conformance.md; parsing/preservation do not imply solver support
generator.*.configuration,string,True,not supplied by schema,True,True,True,"Element configuration, as WYE, DELTA, or SINGLE_PHASE",docs/conformance.md; parsing/preservation do not imply solver support
generator.*.cost,array,True,not supplied by schema,True,True,True,"Linear active-power generating cost [$/kWh] of each phase conductor, one entry per phase conductor in `terminal_map` order. A scalar is rejected.",docs/conformance.md; parsing/preservation do not imply solver support
generator.*.i_max,array,False,not supplied by schema,True,True,True,"Current-magnitude limit [A] of each conductor of the generator: one entry per phase conductor in `terminal_map` order, and optionally one further trailing entry that bounds the neutral return current, which is the negated sum of the phase currents. So the array is one entry per phase, or one per phase plus one.",docs/conformance.md; parsing/preservation do not imply solver support
generator.*.p_max,array,False,not supplied by schema,True,True,True,"Maximum active power [W] of each phase conductor, one entry per phase conductor in `terminal_map` order.",docs/conformance.md; parsing/preservation do not imply solver support
generator.*.p_min,array,False,not supplied by schema,True,True,True,"Minimum active power [W] of each phase conductor, one entry per phase conductor in `terminal_map` order.",docs/conformance.md; parsing/preservation do not imply solver support
generator.*.q_max,array,False,not supplied by schema,True,True,True,"Maximum reactive power [var] of each phase conductor, one entry per phase conductor in `terminal_map` order.",docs/conformance.md; parsing/preservation do not imply solver support
generator.*.q_min,array,False,not supplied by schema,True,True,True,"Minimum reactive power [var] of each phase conductor, one entry per phase conductor in `terminal_map` order.",docs/conformance.md; parsing/preservation do not imply solver support
generator.*.s_max,array,False,not supplied by schema,True,True,True,"Apparent-power rating [VA] of each phase conductor, one entry per phase conductor in `terminal_map` order, bounding the sum of squares of that phase's active and reactive power.",docs/conformance.md; parsing/preservation do not imply solver support
generator.*.terminal_map,array,True,not supplied by schema,True,True,True,"Ordered map from the terminals of an element to the terminals of the bus it connects to. Entry i names the bus terminal the element's conductor i connects to, and fixes the conductor ordering of every per-terminal array and every matrix index of the element.",docs/conformance.md; parsing/preservation do not imply solver support
generator.*.time_series,object,False,not supplied by schema,True,False,True,"Map from the name of a field of this element to the id of a `time_series` profile. The profile's values multiply the static value of that field, entry by entry over the profile's steps. Only a field this schema defines on this element may be named, and only a numeric one.",docs/conformance.md; parsing/preservation do not imply solver support
ibr,object,False,not supplied by schema,True,False,True,"Inverter-based resources: photovoltaic arrays, battery storage, static compensators, and generic sources interfaced to the AC network through a converter. Per-phase arrays have one entry per phase conductor, which is the number of `terminal_map` names classified as a phase, in `terminal_map` order.",docs/conformance.md; parsing/preservation do not imply solver support
ibr.*.b_filter_shunt,number,False,not supplied by schema,True,False,True,Filter shunt susceptance Im(Y_shunt) [S],docs/conformance.md; parsing/preservation do not imply solver support
ibr.*.bus,string,True,not supplied by schema,True,False,True,bus the element is connected to,docs/conformance.md; parsing/preservation do not imply solver support
ibr.*.control_profile,string,False,not supplied by schema,True,False,True,Reference to a control_profile id encoding smart-IBR control laws,docs/conformance.md; parsing/preservation do not imply solver support
ibr.*.cost,array,False,not supplied by schema,True,False,True,"Linear active-power dispatch cost [$/kWh] of each phase conductor, one entry per phase conductor in `terminal_map` order. The objective sums this rate against the active power the phase injects into the network, so a positive entry minimises injection and a negative entry maximises it. A scalar is rejected.",docs/conformance.md; parsing/preservation do not imply solver support
ibr.*.dc_bus,string,False,not supplied by schema,True,False,True,"Optional reference to a dc_bus id. When present, the converter's DC port injects into that shared DC node (participating in its DC KCL) instead of an isolated private DC link - this is how converter stations / back-to-back SOPs / MVDC ties are formed (several IBRs sharing one dc_bus). When absent, dc_link_coupled retains its isolated-link meaning (p_dc_min/p_dc_max bound).",docs/conformance.md; parsing/preservation do not imply solver support
ibr.*.dc_control,string,False,not supplied by schema,True,False,True,"DC-side control mode for a dc_bus-coupled converter: P (constant power, default), V (DC-voltage master holding dc_v_set), or droop (saturated V-P droop). Each connected DC island needs at least one V or droop converter, else the DC voltage is underdetermined.",docs/conformance.md; parsing/preservation do not imply solver support
ibr.*.dc_deadband,number,False,not supplied by schema,True,False,True,Optional half-width [V] of a dead-band around dc_v_set within which the droop holds P = dc_p_ref (no response to small DC-voltage deviations). Used only for dc_control=droop.,docs/conformance.md; parsing/preservation do not imply solver support
ibr.*.dc_droop,number,False,not supplied by schema,True,False,True,"Droop coefficient k [V/W] for dc_control=droop: P = dc_p_ref + (v_dc_port - dc_v_set)/k, so the converter exports more as the DC-port voltage rises, saturated at the converter power limits. Larger k = softer droop.",docs/conformance.md; parsing/preservation do not imply solver support
ibr.*.dc_link_coupled,boolean,False,not supplied by schema,True,False,True,"True if the converter's phases share a single DC link, so the per-phase active powers are coupled by a net DC-side balance (sum of phase P bounded by [p_dc_min, p_dc_max]). Lets the converter circulate active power BETWEEN phases (e.g. a four-wire STATCOM balancing an unbalanced feeder) while net active power stays inside the DC bound. False (default) treats each phase independently",docs/conformance.md; parsing/preservation do not imply solver support
ibr.*.dc_p_ref,number,False,not supplied by schema,True,False,True,Droop reference active power [W] at dc_v_set (the converter's AC active power when v_dc_port = dc_v_set). Used only for dc_control=droop.,docs/conformance.md; parsing/preservation do not imply solver support
ibr.*.dc_terminal_map,array,False,not supplied by schema,True,False,True,"DC terminals of the referenced dc_bus the converter's DC port spans (e.g. [pole, return], or [pole] with earth return). Required when dc_bus is set.",docs/conformance.md; parsing/preservation do not imply solver support
ibr.*.dc_v_set,number,False,not supplied by schema,True,False,True,"DC-voltage setpoint [V], pole-to-return, for dc_control=V (held exactly) or droop (reference voltage). Defaults to the dc_bus pole-to-return v_dc_nom when absent.",docs/conformance.md; parsing/preservation do not imply solver support
ibr.*.grid_forming,boolean,False,not supplied by schema,True,False,True,True for grid-forming (GFM) operation; false (default) for grid-following (GFL),docs/conformance.md; parsing/preservation do not imply solver support
ibr.*.i_max,array,False,not supplied by schema,True,False,True,"Optional per-conductor converter current-magnitude limit [A]. FOUR_LEG: one entry per phase plus a recommended final entry for the neutral conductor (length = phases or phases+1; a phases-only vector leaves the neutral unrated and warns, as it may carry more than the phases under unbalance compensation). SINGLE_PHASE: length 1 or 2 (phase and return are the same current - length-1 is standardised to 2). THREE_LEG: one entry per conductor (no neutral). When present, reactive capability rolls off ~linearly with voltage instead of staying flat at s_max; the neutral entry bounds the sum of phase currents",docs/conformance.md; parsing/preservation do not imply solver support
ibr.*.p_avail,number,False,not supplied by schema,True,False,True,Available active power [W]; upper bound on dispatch for PV prime movers,docs/conformance.md; parsing/preservation do not imply solver support
ibr.*.p_dc_max,number,False,not supplied by schema,True,False,True,Maximum net DC-side active power [W] when dc_link_coupled; sum over phases of P <= p_dc_max. 0 for a STATCOM; p_avail for curtailable PV,docs/conformance.md; parsing/preservation do not imply solver support
ibr.*.p_dc_min,number,False,not supplied by schema,True,False,True,Minimum net DC-side active power [W] when dc_link_coupled; sum over phases of P >= p_dc_min. 0 for a STATCOM (no active source); negative permits absorption (battery),docs/conformance.md; parsing/preservation do not imply solver support
ibr.*.p_max,array,False,not supplied by schema,True,False,True,Per-phase maximum active power [W]; one entry per phase conductor (length = terminal_map - 1),docs/conformance.md; parsing/preservation do not imply solver support
ibr.*.p_min,array,False,not supplied by schema,True,False,True,Per-phase minimum active power [W]; one entry per phase conductor (length = terminal_map - 1). Negative indicates absorption (battery charging),docs/conformance.md; parsing/preservation do not imply solver support
ibr.*.prime_mover,string,True,not supplied by schema,True,False,True,"Energy source behind the inverter: PV (non-negative, resource-limited active power), BATTERY (bidirectional), GENERIC, or STATCOM (no active source - pure reactive shunt compensator; DSTATCOM is the distribution-system alias)",docs/conformance.md; parsing/preservation do not imply solver support
ibr.*.q_max,array,False,not supplied by schema,True,False,True,Per-phase maximum reactive power [var]; one entry per phase conductor (length = terminal_map - 1) (default s_max),docs/conformance.md; parsing/preservation do not imply solver support
ibr.*.q_min,array,False,not supplied by schema,True,False,True,Per-phase minimum reactive power [var]; one entry per phase conductor (length = terminal_map - 1). Negative indicates absorption (default -s_max),docs/conformance.md; parsing/preservation do not imply solver support
ibr.*.r_filter,array,False,not supplied by schema,True,False,True,Per-phase filter resistance Re(Z_filter) [Ohm]; length matches terminal_map minus 1,docs/conformance.md; parsing/preservation do not imply solver support
ibr.*.s_max,array,True,not supplied by schema,True,False,True,Per-phase apparent-power nameplate ratings [VA]; one entry per phase conductor (length = terminal_map - 1),docs/conformance.md; parsing/preservation do not imply solver support
ibr.*.terminal_map,array,True,not supplied by schema,True,False,True,"Ordered map from the terminals of an element to the terminals of the bus it connects to. Entry i names the bus terminal the element's conductor i connects to, and fixes the conductor ordering of every per-terminal array and every matrix index of the element.",docs/conformance.md; parsing/preservation do not imply solver support
ibr.*.time_series,object,False,not supplied by schema,True,False,True,"Map from the name of a field of this element to the id of a `time_series` profile. The profile's values multiply the static value of that field, entry by entry over the profile's steps. Only a field this schema defines on this element may be named, and only a numeric one.",docs/conformance.md; parsing/preservation do not imply solver support
ibr.*.topology,string,True,not supplied by schema,True,False,True,"Inverter topology: SINGLE_PHASE (2 terminals), THREE_LEG (3 terminals, no neutral current), FOUR_LEG (4 terminals, neutral current available)",docs/conformance.md; parsing/preservation do not imply solver support
ibr.*.v_ref_internal,number,False,not supplied by schema,True,False,True,Internal voltage magnitude setpoint [V]; grid-forming only,docs/conformance.md; parsing/preservation do not imply solver support
ibr.*.voltage_aggregation,string,False,not supplied by schema,True,False,True,"Cross-phase aggregation of the droop monitored voltage for a multi-phase IBR: PER_PHASE (default, each phase reacts to its own magnitude) or AVERAGE (every phase reacts to the mean phase magnitude). When present it overrides the per-phase/averaged aggregation implied by a control law's voltage_reference.",docs/conformance.md; parsing/preservation do not imply solver support
ibr.*.x_filter,array,False,not supplied by schema,True,False,True,Per-phase filter reactance Im(Z_filter) [Ohm]; length matches terminal_map minus 1,docs/conformance.md; parsing/preservation do not imply solver support
line,object,False,not supplied by schema,True,True,True,Line objects,docs/conformance.md; parsing/preservation do not imply solver support
line.*.<^B_from_\d+_\d+$>,number,False,not supplied by schema,True,True,True,Element of the TOTAL from-side shunt susceptance matrix [S],docs/conformance.md; parsing/preservation do not imply solver support
line.*.<^B_to_\d+_\d+$>,number,False,not supplied by schema,True,True,True,Element of the TOTAL to-side shunt susceptance matrix [S],docs/conformance.md; parsing/preservation do not imply solver support
line.*.<^G_from_\d+_\d+$>,number,False,not supplied by schema,True,True,True,Element of the TOTAL from-side shunt conductance matrix [S],docs/conformance.md; parsing/preservation do not imply solver support
line.*.<^G_to_\d+_\d+$>,number,False,not supplied by schema,True,True,True,Element of the TOTAL to-side shunt conductance matrix [S],docs/conformance.md; parsing/preservation do not imply solver support
line.*.<^R_series_\d+_\d+$>,number,False,not supplied by schema,True,True,True,"Element of the TOTAL series resistance matrix of this line section [Ohm]. Units by location: linecode matrices are per metre, line matrices are absolute - never scaled by length",docs/conformance.md; parsing/preservation do not imply solver support
line.*.<^X_series_\d+_\d+$>,number,False,not supplied by schema,True,True,True,Element of the TOTAL series reactance matrix of this line section [Ohm],docs/conformance.md; parsing/preservation do not imply solver support
line.*.bus_from,string,True,not supplied by schema,True,True,True,'from' bus for the element,docs/conformance.md; parsing/preservation do not imply solver support
line.*.bus_to,string,True,not supplied by schema,True,True,True,'to' bus for the element,docs/conformance.md; parsing/preservation do not imply solver support
line.*.i_max,array,False,not supplied by schema,True,True,True,"Current-magnitude limit [A] on each conductor of the line, one entry per name in `terminal_map_from`, in that order, applied at both ends. Overrides the referencing linecode's `i_max`.",docs/conformance.md; parsing/preservation do not imply solver support
line.*.length,number,False,not supplied by schema,True,True,True,Line length [m]. Required with `linecode` (impedance = per-metre matrices x length); optional and purely descriptive when the line carries inline absolute matrices,docs/conformance.md; parsing/preservation do not imply solver support
line.*.linecode,string,False,not supplied by schema,True,True,True,"Linecode of line (per-metre matrices). A line carries EXACTLY ONE impedance source: either this reference (+ length), or inline absolute R_series_/X_series_ matrices in Ohm",docs/conformance.md; parsing/preservation do not imply solver support
line.*.s_max,array,False,not supplied by schema,True,True,True,"Apparent-power limit [VA] on each phase conductor of the line, one entry per phase conductor in `terminal_map_from` order, applied at both ends. Overrides the referencing linecode's `s_max`.",docs/conformance.md; parsing/preservation do not imply solver support
line.*.terminal_map_from,array,True,not supplied by schema,True,True,True,"Ordered map from the terminals of an element to the terminals of the bus it connects to. Entry i names the bus terminal the element's conductor i connects to, and fixes the conductor ordering of every per-terminal array and every matrix index of the element.",docs/conformance.md; parsing/preservation do not imply solver support
line.*.terminal_map_to,array,True,not supplied by schema,True,True,True,"Ordered map from the terminals of an element to the terminals of the bus it connects to. Entry i names the bus terminal the element's conductor i connects to, and fixes the conductor ordering of every per-terminal array and every matrix index of the element.",docs/conformance.md; parsing/preservation do not imply solver support
line.*.time_series,object,False,not supplied by schema,True,False,True,"Map from the name of a field of this element to the id of a `time_series` profile. The profile's values multiply the static value of that field, entry by entry over the profile's steps. Only a field this schema defines on this element may be named, and only a numeric one.",docs/conformance.md; parsing/preservation do not imply solver support
line_geometry,object,False,not supplied by schema,True,False,True,"Line and cable cross-section assemblies: conductor types from `wire_data` placed at coordinates, each carrying one circuit terminal. A geometry compiles to a linecode. Every conductor carries a terminal, so the compiled matrix is the full primitive matrix at the stated conductor count and no conductor is eliminated; grounding stays on the bus, in `perfectly_grounded_terminals` and in shunts.",docs/conformance.md; parsing/preservation do not imply solver support
line_geometry.*.conductors,array,True,not supplied by schema,True,False,True,"Ordered conductor placements. Position i fixes row and column i of the compiled linecode's matrices, and `terminal` names the circuit terminal conductor i carries.",docs/conformance.md; parsing/preservation do not imply solver support
line_geometry.*.conductors[].terminal,string,True,not supplied by schema,True,False,True,"Circuit terminal this conductor carries, e.g. ""a"", ""b"", ""c"", ""n""",docs/conformance.md; parsing/preservation do not imply solver support
line_geometry.*.conductors[].wire_data,string,True,not supplied by schema,True,False,True,Reference to a wire_data id,docs/conformance.md; parsing/preservation do not imply solver support
line_geometry.*.conductors[].x,number,True,not supplied by schema,True,False,True,Horizontal coordinate of the conductor centre [m],docs/conformance.md; parsing/preservation do not imply solver support
line_geometry.*.conductors[].y,number,True,not supplied by schema,True,False,True,"Vertical coordinate of the conductor centre [m]; positive above ground, negative = burial depth",docs/conformance.md; parsing/preservation do not imply solver support
line_geometry.*.earth_model,string,False,not supplied by schema,True,False,True,Earth-return formulation; default modified_carson (Kersting two-term). Note OpenDSS defaults to deri,docs/conformance.md; parsing/preservation do not imply solver support
line_geometry.*.earth_resistivity,number,False,not supplied by schema,True,False,True,Homogeneous earth resistivity [Ohm-m]; default 100,docs/conformance.md; parsing/preservation do not imply solver support
line_geometry.*.frequency,number,True,not supplied by schema,True,False,True,Frequency the linecode is compiled at [Hz]. Required - there is no ambient default and no rescaling; the value is recorded in the compiled linecode's derivation block,docs/conformance.md; parsing/preservation do not imply solver support
line_geometry.*.temperature,number,False,not supplied by schema,True,False,True,Conductor operating temperature [degC]; resistances are corrected from wire_data temperature_ref using alpha_20 when present,docs/conformance.md; parsing/preservation do not imply solver support
linecode,object,False,not supplied by schema,True,True,True,Linecodes,docs/conformance.md; parsing/preservation do not imply solver support
linecode.*.<^B_from_\d+_\d+$>,number,False,not supplied by schema,True,True,True,Element of the shunt susceptance matrix [S/m],docs/conformance.md; parsing/preservation do not imply solver support
linecode.*.<^B_to_\d+_\d+$>,number,False,not supplied by schema,True,True,True,Element of the shunt susceptance matrix [S/m],docs/conformance.md; parsing/preservation do not imply solver support
linecode.*.<^G_from_\d+_\d+$>,number,False,not supplied by schema,True,True,True,Element of the shunt conductance matrix [S/m],docs/conformance.md; parsing/preservation do not imply solver support
linecode.*.<^G_to_\d+_\d+$>,number,False,not supplied by schema,True,True,True,Element of the shunt conductance matrix [S/m],docs/conformance.md; parsing/preservation do not imply solver support
linecode.*.<^R_series_\d+_\d+$>,number,False,not supplied by schema,True,True,True,Element of the series resistance matrix [Ohm/m],docs/conformance.md; parsing/preservation do not imply solver support
linecode.*.<^X_series_\d+_\d+$>,number,False,not supplied by schema,True,True,True,Element of the series reactance matrix [Ohm/m],docs/conformance.md; parsing/preservation do not imply solver support
linecode.*.derivation,object,False,not supplied by schema,True,False,True,"Provenance of the impedance computation: method, earth parameters, defaults applied, tool version. Stamped by compile_linecode; free-form for external tools (e.g. FEM)",docs/conformance.md; parsing/preservation do not imply solver support
linecode.*.derivation.defaults_applied,array,False,not supplied by schema,True,False,True,"Cross-defaults applied during compilation, e.g. [""gmr:acsr_40""] when GMR was derived from radius",docs/conformance.md; parsing/preservation do not imply solver support
linecode.*.derivation.earth_resistivity,number,False,not supplied by schema,True,False,True,Earth resistivity used [Ohm-m],docs/conformance.md; parsing/preservation do not imply solver support
linecode.*.derivation.frequency,number,False,not supplied by schema,True,False,True,Frequency the matrices were computed at [Hz],docs/conformance.md; parsing/preservation do not imply solver support
linecode.*.derivation.method,string,False,not supplied by schema,True,False,True,"Impedance-calculation method, e.g. ""modified_carson"", ""full_carson"", ""deri"", ""fem_2d""",docs/conformance.md; parsing/preservation do not imply solver support
linecode.*.derivation.shields_reduced,array,False,not supplied by schema,True,False,True,"Cable shield/concentric-neutral subconductors internally reduced into equivalent conductors, e.g. [""cn:1""]",docs/conformance.md; parsing/preservation do not imply solver support
linecode.*.derivation.temperature,number,False,not supplied by schema,True,False,True,Conductor temperature the resistances were corrected to [degC],docs/conformance.md; parsing/preservation do not imply solver support
linecode.*.derivation.tool,string,False,not supplied by schema,True,False,True,Tool that produced the matrices,docs/conformance.md; parsing/preservation do not imply solver support
linecode.*.derivation.tool_version,string,False,not supplied by schema,True,False,True,Version of the tool that produced the matrices,docs/conformance.md; parsing/preservation do not imply solver support
linecode.*.i_max,array,False,not supplied by schema,True,True,True,"Current-magnitude limit [A] of each conductor of the cross-section, one entry per matrix row, in matrix row order, applied at both ends of every line that references the linecode.",docs/conformance.md; parsing/preservation do not imply solver support
linecode.*.line_geometry,string,False,not supplied by schema,True,False,True,Back-reference to the line_geometry this linecode was compiled from,docs/conformance.md; parsing/preservation do not imply solver support
linecode.*.s_max,array,False,not supplied by schema,True,True,True,"Apparent-power limit [VA] of each phase conductor of the cross-section, one entry per phase conductor, in matrix row order.",docs/conformance.md; parsing/preservation do not imply solver support
linecode.*.source,string,False,not supplied by schema,True,True,True,"Origin of the impedance matrices, e.g. ""geometry"" (compiled from a line_geometry), ""fem"" (finite-element derived), ""datasheet"", ""import""",docs/conformance.md; parsing/preservation do not imply solver support
linecode.*.time_series,object,False,not supplied by schema,False,False,True,"Map from the name of a field of this element to the id of a `time_series` profile. The profile's values multiply the static value of that field, entry by entry over the profile's steps. Only a field this schema defines on this element may be named, and only a numeric one.",docs/conformance.md; parsing/preservation do not imply solver support
load,object,False,not supplied by schema,True,True,True,Load elements. p_nom/q_nom are the nominal active/reactive powers; the ZIP and exponential voltage-dependence models and their coefficients are defined in the math and data model.,docs/conformance.md; parsing/preservation do not imply solver support
load.*.alpha_i,array,False,not supplied by schema,True,True,True,"Active-power constant-current fraction of the ZIP model. The three active fractions sum to one, and so do the three reactive fractions. One entry per sub-load, in `terminal_map` order. A sub-load is one two-terminal power element of the load: a phase-to-neutral branch for WYE, the single terminal pair for SINGLE_PHASE, or one line-to-line branch for DELTA. The sub-load count is the phase conductor count for WYE, one for SINGLE_PHASE, and the phase pair count for DELTA.",docs/conformance.md; parsing/preservation do not imply solver support
load.*.alpha_p,array,False,not supplied by schema,True,True,True,"Active-power constant-power fraction of the ZIP model. The three active fractions sum to one, and so do the three reactive fractions. One entry per sub-load, in `terminal_map` order. A sub-load is one two-terminal power element of the load: a phase-to-neutral branch for WYE, the single terminal pair for SINGLE_PHASE, or one line-to-line branch for DELTA. The sub-load count is the phase conductor count for WYE, one for SINGLE_PHASE, and the phase pair count for DELTA.",docs/conformance.md; parsing/preservation do not imply solver support
load.*.alpha_z,array,False,not supplied by schema,True,True,True,"Active-power constant-impedance fraction of the ZIP model. The three active fractions sum to one, and so do the three reactive fractions. One entry per sub-load, in `terminal_map` order. A sub-load is one two-terminal power element of the load: a phase-to-neutral branch for WYE, the single terminal pair for SINGLE_PHASE, or one line-to-line branch for DELTA. The sub-load count is the phase conductor count for WYE, one for SINGLE_PHASE, and the phase pair count for DELTA.",docs/conformance.md; parsing/preservation do not imply solver support
load.*.beta_i,array,False,not supplied by schema,True,True,True,"Reactive-power constant-current fraction of the ZIP model. The three active fractions sum to one, and so do the three reactive fractions. One entry per sub-load, in `terminal_map` order. A sub-load is one two-terminal power element of the load: a phase-to-neutral branch for WYE, the single terminal pair for SINGLE_PHASE, or one line-to-line branch for DELTA. The sub-load count is the phase conductor count for WYE, one for SINGLE_PHASE, and the phase pair count for DELTA.",docs/conformance.md; parsing/preservation do not imply solver support
load.*.beta_p,array,False,not supplied by schema,True,True,True,"Reactive-power constant-power fraction of the ZIP model. The three active fractions sum to one, and so do the three reactive fractions. One entry per sub-load, in `terminal_map` order. A sub-load is one two-terminal power element of the load: a phase-to-neutral branch for WYE, the single terminal pair for SINGLE_PHASE, or one line-to-line branch for DELTA. The sub-load count is the phase conductor count for WYE, one for SINGLE_PHASE, and the phase pair count for DELTA.",docs/conformance.md; parsing/preservation do not imply solver support
load.*.beta_z,array,False,not supplied by schema,True,True,True,"Reactive-power constant-impedance fraction of the ZIP model. The three active fractions sum to one, and so do the three reactive fractions. One entry per sub-load, in `terminal_map` order. A sub-load is one two-terminal power element of the load: a phase-to-neutral branch for WYE, the single terminal pair for SINGLE_PHASE, or one line-to-line branch for DELTA. The sub-load count is the phase conductor count for WYE, one for SINGLE_PHASE, and the phase pair count for DELTA.",docs/conformance.md; parsing/preservation do not imply solver support
load.*.bus,string,True,not supplied by schema,True,True,True,bus the element is connected to,docs/conformance.md; parsing/preservation do not imply solver support
load.*.configuration,string,True,not supplied by schema,True,True,True,"Element configuration, as WYE, DELTA, or SINGLE_PHASE",docs/conformance.md; parsing/preservation do not imply solver support
load.*.gamma_p,array,False,not supplied by schema,True,True,True,"Active-power voltage exponent of the exponential model. One entry per sub-load, in `terminal_map` order. A sub-load is one two-terminal power element of the load: a phase-to-neutral branch for WYE, the single terminal pair for SINGLE_PHASE, or one line-to-line branch for DELTA. The sub-load count is the phase conductor count for WYE, one for SINGLE_PHASE, and the phase pair count for DELTA.",docs/conformance.md; parsing/preservation do not imply solver support
load.*.gamma_q,array,False,not supplied by schema,True,True,True,"Reactive-power voltage exponent of the exponential model. One entry per sub-load, in `terminal_map` order. A sub-load is one two-terminal power element of the load: a phase-to-neutral branch for WYE, the single terminal pair for SINGLE_PHASE, or one line-to-line branch for DELTA. The sub-load count is the phase conductor count for WYE, one for SINGLE_PHASE, and the phase pair count for DELTA.",docs/conformance.md; parsing/preservation do not imply solver support
load.*.model,string,False,not supplied by schema,True,True,True,Voltage dependence of the load (default CONSTANT_POWER); see the math and data model for the definitions.,docs/conformance.md; parsing/preservation do not imply solver support
load.*.p_nom,array,True,not supplied by schema,True,True,True,"Nominal active power [W] of each sub-load. One entry per sub-load, in `terminal_map` order. A sub-load is one two-terminal power element of the load: a phase-to-neutral branch for WYE, the single terminal pair for SINGLE_PHASE, or one line-to-line branch for DELTA. The sub-load count is the phase conductor count for WYE, one for SINGLE_PHASE, and the phase pair count for DELTA.",docs/conformance.md; parsing/preservation do not imply solver support
load.*.q_nom,array,True,not supplied by schema,True,True,True,"Nominal reactive power [var] of each sub-load. One entry per sub-load, in `terminal_map` order. A sub-load is one two-terminal power element of the load: a phase-to-neutral branch for WYE, the single terminal pair for SINGLE_PHASE, or one line-to-line branch for DELTA. The sub-load count is the phase conductor count for WYE, one for SINGLE_PHASE, and the phase pair count for DELTA.",docs/conformance.md; parsing/preservation do not imply solver support
load.*.terminal_map,array,True,not supplied by schema,True,True,True,"Ordered map from the terminals of an element to the terminals of the bus it connects to. Entry i names the bus terminal the element's conductor i connects to, and fixes the conductor ordering of every per-terminal array and every matrix index of the element.",docs/conformance.md; parsing/preservation do not imply solver support
load.*.time_series,object,False,not supplied by schema,True,False,True,"Map from the name of a field of this element to the id of a `time_series` profile. The profile's values multiply the static value of that field, entry by entry over the profile's steps. Only a field this schema defines on this element may be named, and only a numeric one.",docs/conformance.md; parsing/preservation do not imply solver support
load.*.v_nom,array,False,not supplied by schema,True,True,True,"Nominal voltage [V] each sub-load's `p_nom` and `q_nom` is stated at: line to line for the three-phase configurations, and the voltage across the load terminals for SINGLE_PHASE. Required unless `model` is CONSTANT_POWER. One entry per sub-load, in `terminal_map` order. A sub-load is one two-terminal power element of the load: a phase-to-neutral branch for WYE, the single terminal pair for SINGLE_PHASE, or one line-to-line branch for DELTA. The sub-load count is the phase conductor count for WYE, one for SINGLE_PHASE, and the phase pair count for DELTA.",docs/conformance.md; parsing/preservation do not imply solver support
meta,object,False,not supplied by schema,True,True,True,Case metadata block,docs/conformance.md; parsing/preservation do not imply solver support
meta.$schema,string,False,not supplied by schema,True,True,True,Schema retrieval URI or documented canonical identifier. A pinned proposal uses an immutable commit URL. Its resolved version must agree with meta.schema_version when both are supplied.,docs/conformance.md; parsing/preservation do not imply solver support
meta.authors,array,False,not supplied by schema,True,True,True,,docs/conformance.md; parsing/preservation do not imply solver support
meta.authors[].email,string,False,not supplied by schema,True,True,True,,docs/conformance.md; parsing/preservation do not imply solver support
meta.authors[].name,string,False,not supplied by schema,True,True,True,,docs/conformance.md; parsing/preservation do not imply solver support
meta.authors[].orcid,string,False,not supplied by schema,True,True,True,,docs/conformance.md; parsing/preservation do not imply solver support
meta.case_study_generator,object,False,not supplied by schema,True,True,True,Tool that generated this case file,docs/conformance.md; parsing/preservation do not imply solver support
meta.case_study_generator.tool,string,False,not supplied by schema,True,True,True,,docs/conformance.md; parsing/preservation do not imply solver support
meta.case_study_generator.version,string,False,not supplied by schema,True,True,True,,docs/conformance.md; parsing/preservation do not imply solver support
meta.created,string,False,not supplied by schema,True,True,True,,docs/conformance.md; parsing/preservation do not imply solver support
meta.data_sources,array,False,not supplied by schema,True,True,True,Upstream data sources from which this case was derived,docs/conformance.md; parsing/preservation do not imply solver support
meta.data_sources[].doi,string,False,not supplied by schema,True,True,True,,docs/conformance.md; parsing/preservation do not imply solver support
meta.data_sources[].format,string,False,not supplied by schema,True,True,True,,docs/conformance.md; parsing/preservation do not imply solver support
meta.data_sources[].name,string,False,not supplied by schema,True,True,True,,docs/conformance.md; parsing/preservation do not imply solver support
meta.data_sources[].url,string,False,not supplied by schema,True,True,True,,docs/conformance.md; parsing/preservation do not imply solver support
meta.data_sources[].version,string,False,not supplied by schema,True,True,True,,docs/conformance.md; parsing/preservation do not imply solver support
meta.description,string,False,not supplied by schema,True,True,True,,docs/conformance.md; parsing/preservation do not imply solver support
meta.frequency,number,False,not supplied by schema,True,True,True,Nominal system frequency [Hz]. A line geometry's `frequency` and a linecode's `derivation.frequency` are checked against it. It defaults nothing and rescales nothing.,docs/conformance.md; parsing/preservation do not imply solver support
meta.license,string,False,not supplied by schema,True,True,True,"The licence the case data is published under, as an SPDX identifier where one exists, e.g. `CC-BY-4.0`. Network cases inherit the licence of the data they derive from; this schema's licence does not apply to them.",docs/conformance.md; parsing/preservation do not imply solver support
meta.modified,string,False,not supplied by schema,True,True,True,,docs/conformance.md; parsing/preservation do not imply solver support
meta.provenance,object,False,not supplied by schema,True,True,True,"Free-form conversion/audit provenance written by tooling (e.g. a fidelity-loss inventory, migration notes, or earth-terminal routing).",docs/conformance.md; parsing/preservation do not imply solver support
meta.schema_version,string,False,not supplied by schema,False,False,True,"The version of the schema document, fixed by that document. Distinct from `meta.version`, which versions the dataset.",docs/conformance.md; parsing/preservation do not imply solver support
meta.title,string,False,not supplied by schema,True,True,True,,docs/conformance.md; parsing/preservation do not imply solver support
meta.version,string,False,not supplied by schema,True,True,True,"The version of this dataset, chosen by whoever publishes the case. Independent of `meta.schema_version`.",docs/conformance.md; parsing/preservation do not imply solver support
name,string,False,not supplied by schema,True,True,True,Test case name,docs/conformance.md; parsing/preservation do not imply solver support
shunt,object,False,not supplied by schema,True,True,True,"Passive shunt admittance elements, including grounding impedances",docs/conformance.md; parsing/preservation do not imply solver support
shunt.*.<^B_\d+_\d+$>,number,False,not supplied by schema,True,True,True,Array elements of the susceptance [S],docs/conformance.md; parsing/preservation do not imply solver support
shunt.*.<^G_\d+_\d+$>,number,False,not supplied by schema,True,True,True,Array elements of the conductance [S],docs/conformance.md; parsing/preservation do not imply solver support
shunt.*.bus,string,True,not supplied by schema,True,True,True,bus the element is connected to,docs/conformance.md; parsing/preservation do not imply solver support
shunt.*.terminal_map,array,True,not supplied by schema,True,True,True,"Ordered map from the terminals of an element to the terminals of the bus it connects to. Entry i names the bus terminal the element's conductor i connects to, and fixes the conductor ordering of every per-terminal array and every matrix index of the element.",docs/conformance.md; parsing/preservation do not imply solver support
shunt.*.time_series,object,False,not supplied by schema,True,False,True,"Map from the name of a field of this element to the id of a `time_series` profile. The profile's values multiply the static value of that field, entry by entry over the profile's steps. Only a field this schema defines on this element may be named, and only a numeric one.",docs/conformance.md; parsing/preservation do not imply solver support
switch,object,False,not supplied by schema,True,True,True,,docs/conformance.md; parsing/preservation do not imply solver support
switch.*.bus_from,string,True,not supplied by schema,True,True,True,'from' bus for the element,docs/conformance.md; parsing/preservation do not imply solver support
switch.*.bus_to,string,True,not supplied by schema,True,True,True,'to' bus for the element,docs/conformance.md; parsing/preservation do not imply solver support
switch.*.i_max,array,False,not supplied by schema,True,True,True,"Current-magnitude limit [A] on each conductor of the switch, one entry per name in `terminal_map_from`, in that order. A closed switch is ideal: the two terminal voltages are equal conductor by conductor and the currents sum to zero; an open switch carries no current.",docs/conformance.md; parsing/preservation do not imply solver support
switch.*.open_switch,boolean,True,not supplied by schema,True,True,True,"Indicator of switch state, true if switch is open (nonconducting)",docs/conformance.md; parsing/preservation do not imply solver support
switch.*.terminal_map_from,array,True,not supplied by schema,True,True,True,"Ordered map from the terminals of an element to the terminals of the bus it connects to. Entry i names the bus terminal the element's conductor i connects to, and fixes the conductor ordering of every per-terminal array and every matrix index of the element.",docs/conformance.md; parsing/preservation do not imply solver support
switch.*.terminal_map_to,array,True,not supplied by schema,True,True,True,"Ordered map from the terminals of an element to the terminals of the bus it connects to. Entry i names the bus terminal the element's conductor i connects to, and fixes the conductor ordering of every per-terminal array and every matrix index of the element.",docs/conformance.md; parsing/preservation do not imply solver support
switch.*.time_series,object,False,not supplied by schema,True,False,True,"Map from the name of a field of this element to the id of a `time_series` profile. The profile's values multiply the static value of that field, entry by entry over the profile's steps. Only a field this schema defines on this element may be named, and only a numeric one.",docs/conformance.md; parsing/preservation do not imply solver support
terminal_conventions,object,False,not supplied by schema,True,True,True,"Case-wide classification of the terminal-name labels used across the AC buses into phase, neutral and earth-wire roles. When present it is the authority on which label is which, labels are matched exactly including case, the role lists are disjoint, and every per-phase array dimension in the document resolves against it. When absent a reader infers the roles: `n` or `N` is the neutral, `""4""` is the neutral when the bus terminal set is exactly `1`, `2`, `3`, `4`, and every other label is a phase. The label `""g""` is reserved for the common ground and is never a bus terminal. This block does not apply to `dc_bus`, which states its own pole roles.",docs/conformance.md; parsing/preservation do not imply solver support
terminal_conventions.earth,array,False,not supplied by schema,True,False,True,Terminal-name labels that denote a dedicated earth/PE *wire* conductor. The ground reference itself stays implicit (grounding is modelled via grounding impedances / perfectly_grounded_terminals); this list captures only genuine earth-wire terminals and is empty for standard OpenDSS-derived cases.,docs/conformance.md; parsing/preservation do not imply solver support
terminal_conventions.neutral,array,False,not supplied by schema,True,True,True,"Terminal-name labels that denote a neutral conductor (typically [""n""]). A bus is expected to carry at most one neutral terminal.",docs/conformance.md; parsing/preservation do not imply solver support
terminal_conventions.phase,array,False,not supplied by schema,True,True,True,"Terminal-name labels that denote a phase conductor (e.g. [""a"",""b"",""c""], or split-phase legs). A bus terminal in neither list is treated as a phase and W.CONV.TERMINAL_UNCLASSIFIED is raised.",docs/conformance.md; parsing/preservation do not imply solver support
time_series,object,False,not supplied by schema,True,False,True,"Named multiplicative profiles. An element references a profile by id in its own `time_series` map, and the profile's value at step t multiplies the static value of the referenced field at step t. A profile carries no units and no absolute quantity.",docs/conformance.md; parsing/preservation do not imply solver support
time_series.*.description,string,False,not supplied by schema,False,False,True,What the profile represents,docs/conformance.md; parsing/preservation do not imply solver support
time_series.*.time,array,False,not supplied by schema,True,False,True,"Optional time axis, one entry per entry of `values` and in the same order: the offset in seconds of each step from the start of the case's horizon. Strictly increasing, so every step is distinct and ordered; the schema checks distinctness and a reader checks the ordering, which JSON Schema cannot state. Absent, the steps are an ordered sequence with no stated spacing.",docs/conformance.md; parsing/preservation do not imply solver support
time_series.*.values,array,True,not supplied by schema,True,False,True,"The multiplicative factors, one per step, in step order. Every entry is a number, so a null, a string, and an omitted step are all rejected, and JSON has no literal for infinity or not-a-number, so every accepted entry is finite.",docs/conformance.md; parsing/preservation do not imply solver support
transformer,object,False,not supplied by schema,True,True,True,"Transformers and step-voltage regulators, grouped by subtype. A subtype fixes the winding count, the winding connections, and which impedance fields apply; the object key inside a subtype is the element id.",docs/conformance.md; parsing/preservation do not imply solver support
transformer.center_tap,object,False,not supplied by schema,True,True,True,"Center tap transformer object, with a single-phase winding on the 'from' side and split winding on the 'to' side.",docs/conformance.md; parsing/preservation do not imply solver support
transformer.center_tap.*.b_no_load,number,False,not supplied by schema,True,False,True,"No-load magnetising shunt susceptance [S], stamped across the 'from'-side winding. Negative for a lagging magnetising current.",docs/conformance.md; parsing/preservation do not imply solver support
transformer.center_tap.*.bus_from,string,True,not supplied by schema,True,True,True,'from' bus for the element,docs/conformance.md; parsing/preservation do not imply solver support
transformer.center_tap.*.bus_to,string,True,not supplied by schema,True,True,True,'to' bus for the element,docs/conformance.md; parsing/preservation do not imply solver support
transformer.center_tap.*.g_no_load,number,False,not supplied by schema,True,False,True,"No-load core-loss shunt conductance [S], stamped across the 'from'-side winding.",docs/conformance.md; parsing/preservation do not imply solver support
transformer.center_tap.*.i_max_from,array,False,not supplied by schema,True,True,True,"Current-magnitude limit [A] of the 'from'-side winding current, one entry per name in `terminal_map_from` and in that order. The bounded quantity is the winding current of that side, in that side's own amperes: it is never referred through the turns ratio, and each side states its own array. Position k bounds the current of winding conductor k, which for a WYE winding is the current in the conductor between bus terminal k and the winding, and for a DELTA winding is the current in coil k, which is not the terminal conductor current. An entry against a neutral terminal bounds the conductor carrying the winding's return current, and for `center_tap` the entry against the centre terminal bounds the centre-tap current, the negated sum of the two leg currents. The constraint is a magnitude circle on the complex winding current, so one entry bounds both of its components.",docs/conformance.md; parsing/preservation do not imply solver support
transformer.center_tap.*.i_max_to,array,False,not supplied by schema,True,True,True,"Current-magnitude limit [A] of the 'to'-side winding current, one entry per name in `terminal_map_to` and in that order. The bounded quantity is the winding current of that side, in that side's own amperes: it is never referred through the turns ratio, and each side states its own array. Position k bounds the current of winding conductor k, which for a WYE winding is the current in the conductor between bus terminal k and the winding, and for a DELTA winding is the current in coil k, which is not the terminal conductor current. An entry against a neutral terminal bounds the conductor carrying the winding's return current, and for `center_tap` the entry against the centre terminal bounds the centre-tap current, the negated sum of the two leg currents. The constraint is a magnitude circle on the complex winding current, so one entry bounds both of its components.",docs/conformance.md; parsing/preservation do not imply solver support
transformer.center_tap.*.r_neutral_from,number,False,not supplied by schema,True,False,True,Grounding resistance [Ohm] of the 'from' winding's own neutral. Absence of both neutral impedance fields adds no internal grounding branch. Explicitly zero impedance grounds that winding neutral solidly. External bus grounding remains separate.,docs/conformance.md; parsing/preservation do not imply solver support
transformer.center_tap.*.r_neutral_to,number,False,not supplied by schema,True,False,True,Grounding resistance [Ohm] of the 'to' winding's own neutral. Absence of both neutral impedance fields adds no internal grounding branch. Explicitly zero impedance grounds that winding neutral solidly. External bus grounding remains separate.,docs/conformance.md; parsing/preservation do not imply solver support
transformer.center_tap.*.r_series_from,number,False,not supplied by schema,True,True,True,Transformer series resistance on the 'from' side [Ohm],docs/conformance.md; parsing/preservation do not imply solver support
transformer.center_tap.*.r_series_to,number,False,not supplied by schema,True,True,True,Transformer series resistance on the 'to' side [Ohm],docs/conformance.md; parsing/preservation do not imply solver support
transformer.center_tap.*.s_rating,number,True,not supplied by schema,True,True,True,Transformer power base [VA],docs/conformance.md; parsing/preservation do not imply solver support
transformer.center_tap.*.tap_ratio,number,False,not supplied by schema,False,False,True,"Off-nominal ratio multiplier on the nameplate turns ratio N = v_nom_from / v_nom_to, so the effective ratio is tap_ratio * N and the ideal winding pair relates the coil voltages by that product. Default 1.0, and the start value when the ratio is a free variable. The regulator subtypes state their own `tap_ratio`, which is a regulation ratio rather than a multiplier, because a regulator has no nameplate ratio to multiply.",docs/conformance.md; parsing/preservation do not imply solver support
transformer.center_tap.*.tap_ratio_max,number,False,not supplied by schema,False,False,True,Upper bound on `tap_ratio`; see `tap_ratio_min`.,docs/conformance.md; parsing/preservation do not imply solver support
transformer.center_tap.*.tap_ratio_min,number,False,not supplied by schema,False,False,True,Lower bound on `tap_ratio`. With `tap_ratio_min` strictly below `tap_ratio_max` the ratio is a free variable of the optimisation; otherwise it is fixed at `tap_ratio`.,docs/conformance.md; parsing/preservation do not imply solver support
transformer.center_tap.*.terminal_map_from,array,True,not supplied by schema,True,True,True,"Ordered map from the terminals of an element to the terminals of the bus it connects to. Entry i names the bus terminal the element's conductor i connects to, and fixes the conductor ordering of every per-terminal array and every matrix index of the element.",docs/conformance.md; parsing/preservation do not imply solver support
transformer.center_tap.*.terminal_map_to,array,True,not supplied by schema,True,True,True,"Ordered map from the terminals of an element to the terminals of the bus it connects to. Entry i names the bus terminal the element's conductor i connects to, and fixes the conductor ordering of every per-terminal array and every matrix index of the element.",docs/conformance.md; parsing/preservation do not imply solver support
transformer.center_tap.*.time_series,object,False,not supplied by schema,True,False,True,"Map from the name of a field of this element to the id of a `time_series` profile. The profile's values multiply the static value of that field, entry by entry over the profile's steps. Only a field this schema defines on this element may be named, and only a numeric one.",docs/conformance.md; parsing/preservation do not imply solver support
transformer.center_tap.*.v_nom_from,number,True,not supplied by schema,True,True,True,Nominal voltage of the 'from'-side winding [V],docs/conformance.md; parsing/preservation do not imply solver support
transformer.center_tap.*.v_nom_to,number,True,not supplied by schema,True,True,True,Nominal voltage of the 'to'-side winding [V],docs/conformance.md; parsing/preservation do not imply solver support
transformer.center_tap.*.x_neutral_from,number,False,not supplied by schema,True,False,True,Grounding reactance [Ohm] of the 'from'-side winding's own neutral; see `r_neutral_from`.,docs/conformance.md; parsing/preservation do not imply solver support
transformer.center_tap.*.x_neutral_to,number,False,not supplied by schema,True,False,True,Grounding reactance [Ohm] of the 'to'-side winding's own neutral; see `r_neutral_to`.,docs/conformance.md; parsing/preservation do not imply solver support
transformer.center_tap.*.x_series_from,number,False,not supplied by schema,True,True,True,Transformer series reactance on the 'from' side [Ohm],docs/conformance.md; parsing/preservation do not imply solver support
transformer.center_tap.*.x_series_to,number,False,not supplied by schema,True,True,True,Transformer series reactance on the 'to' side [Ohm],docs/conformance.md; parsing/preservation do not imply solver support
transformer.delta_wye,object,False,not supplied by schema,True,True,True,"Delta-to-Wye transformer object, with series impedance defined on the wye-side",docs/conformance.md; parsing/preservation do not imply solver support
transformer.delta_wye.*.b_no_load,number,False,not supplied by schema,True,False,True,"No-load magnetising shunt susceptance [S], stamped across the 'from'-side winding. Negative for a lagging magnetising current.",docs/conformance.md; parsing/preservation do not imply solver support
transformer.delta_wye.*.bus_from,string,True,not supplied by schema,True,True,True,'from' bus for the element,docs/conformance.md; parsing/preservation do not imply solver support
transformer.delta_wye.*.bus_to,string,True,not supplied by schema,True,True,True,'to' bus for the element,docs/conformance.md; parsing/preservation do not imply solver support
transformer.delta_wye.*.g_no_load,number,False,not supplied by schema,True,False,True,"No-load core-loss shunt conductance [S], stamped across the 'from'-side winding.",docs/conformance.md; parsing/preservation do not imply solver support
transformer.delta_wye.*.i_max_from,array,False,not supplied by schema,True,True,True,"Current-magnitude limit [A] of the 'from'-side winding current, one entry per name in `terminal_map_from` and in that order. The bounded quantity is the winding current of that side, in that side's own amperes: it is never referred through the turns ratio, and each side states its own array. Position k bounds the current of winding conductor k, which for a WYE winding is the current in the conductor between bus terminal k and the winding, and for a DELTA winding is the current in coil k, which is not the terminal conductor current. An entry against a neutral terminal bounds the conductor carrying the winding's return current, and for `center_tap` the entry against the centre terminal bounds the centre-tap current, the negated sum of the two leg currents. The constraint is a magnitude circle on the complex winding current, so one entry bounds both of its components.",docs/conformance.md; parsing/preservation do not imply solver support
transformer.delta_wye.*.i_max_to,array,False,not supplied by schema,True,True,True,"Current-magnitude limit [A] of the 'to'-side winding current, one entry per name in `terminal_map_to` and in that order. The bounded quantity is the winding current of that side, in that side's own amperes: it is never referred through the turns ratio, and each side states its own array. Position k bounds the current of winding conductor k, which for a WYE winding is the current in the conductor between bus terminal k and the winding, and for a DELTA winding is the current in coil k, which is not the terminal conductor current. An entry against a neutral terminal bounds the conductor carrying the winding's return current, and for `center_tap` the entry against the centre terminal bounds the centre-tap current, the negated sum of the two leg currents. The constraint is a magnitude circle on the complex winding current, so one entry bounds both of its components.",docs/conformance.md; parsing/preservation do not imply solver support
transformer.delta_wye.*.r_neutral_from,number,False,not supplied by schema,True,False,True,Grounding resistance [Ohm] of the 'from' winding's own neutral. Absence of both neutral impedance fields adds no internal grounding branch. Explicitly zero impedance grounds that winding neutral solidly. External bus grounding remains separate.,docs/conformance.md; parsing/preservation do not imply solver support
transformer.delta_wye.*.r_neutral_to,number,False,not supplied by schema,True,False,True,Grounding resistance [Ohm] of the 'to' winding's own neutral. Absence of both neutral impedance fields adds no internal grounding branch. Explicitly zero impedance grounds that winding neutral solidly. External bus grounding remains separate.,docs/conformance.md; parsing/preservation do not imply solver support
transformer.delta_wye.*.r_series,number,False,not supplied by schema,True,True,True,"Transformer series resistance, defined on the wye-side winding [Ohm]",docs/conformance.md; parsing/preservation do not imply solver support
transformer.delta_wye.*.s_rating,number,True,not supplied by schema,True,True,True,Transformer power base [VA],docs/conformance.md; parsing/preservation do not imply solver support
transformer.delta_wye.*.tap_ratio,number,False,not supplied by schema,False,False,True,"Off-nominal ratio multiplier on the nameplate turns ratio N = v_nom_from / v_nom_to, so the effective ratio is tap_ratio * N and the ideal winding pair relates the coil voltages by that product. Default 1.0, and the start value when the ratio is a free variable. The regulator subtypes state their own `tap_ratio`, which is a regulation ratio rather than a multiplier, because a regulator has no nameplate ratio to multiply.",docs/conformance.md; parsing/preservation do not imply solver support
transformer.delta_wye.*.tap_ratio_max,number,False,not supplied by schema,False,False,True,Upper bound on `tap_ratio`; see `tap_ratio_min`.,docs/conformance.md; parsing/preservation do not imply solver support
transformer.delta_wye.*.tap_ratio_min,number,False,not supplied by schema,False,False,True,Lower bound on `tap_ratio`. With `tap_ratio_min` strictly below `tap_ratio_max` the ratio is a free variable of the optimisation; otherwise it is fixed at `tap_ratio`.,docs/conformance.md; parsing/preservation do not imply solver support
transformer.delta_wye.*.terminal_map_from,array,True,not supplied by schema,True,True,True,"Ordered map from the terminals of an element to the terminals of the bus it connects to. Entry i names the bus terminal the element's conductor i connects to, and fixes the conductor ordering of every per-terminal array and every matrix index of the element.",docs/conformance.md; parsing/preservation do not imply solver support
transformer.delta_wye.*.terminal_map_to,array,True,not supplied by schema,True,True,True,"Ordered map from the terminals of an element to the terminals of the bus it connects to. Entry i names the bus terminal the element's conductor i connects to, and fixes the conductor ordering of every per-terminal array and every matrix index of the element.",docs/conformance.md; parsing/preservation do not imply solver support
transformer.delta_wye.*.time_series,object,False,not supplied by schema,True,False,True,"Map from the name of a field of this element to the id of a `time_series` profile. The profile's values multiply the static value of that field, entry by entry over the profile's steps. Only a field this schema defines on this element may be named, and only a numeric one.",docs/conformance.md; parsing/preservation do not imply solver support
transformer.delta_wye.*.v_nom_from,number,True,not supplied by schema,True,True,True,Nominal phase-to-phase voltage of the 'from'-side winding [V],docs/conformance.md; parsing/preservation do not imply solver support
transformer.delta_wye.*.v_nom_to,number,True,not supplied by schema,True,True,True,Nominal phase-to-phase voltage of the 'to'-side winding [V],docs/conformance.md; parsing/preservation do not imply solver support
transformer.delta_wye.*.x_neutral_from,number,False,not supplied by schema,True,False,True,Grounding reactance [Ohm] of the 'from'-side winding's own neutral; see `r_neutral_from`.,docs/conformance.md; parsing/preservation do not imply solver support
transformer.delta_wye.*.x_neutral_to,number,False,not supplied by schema,True,False,True,Grounding reactance [Ohm] of the 'to'-side winding's own neutral; see `r_neutral_to`.,docs/conformance.md; parsing/preservation do not imply solver support
transformer.delta_wye.*.x_series,number,False,not supplied by schema,True,True,True,"Transformer series reactance, defined on the wye-side winding [Ohm]",docs/conformance.md; parsing/preservation do not imply solver support
transformer.n_winding,object,False,not supplied by schema,True,False,True,General n-winding (3+) transformer as a winding-indexed list with pairwise short-circuit reactances. Winding 1 is the reference; the OPF/Ybus build a star/T-equivalent. WYE and DELTA windings are supported (a DELTA winding's v_nom is its line-to-line coil voltage; delta_roll selects the vector-group rotation).,docs/conformance.md; parsing/preservation do not imply solver support
transformer.n_winding.*.b_no_load,number,False,not supplied by schema,True,False,True,"No-load (magnetising) shunt susceptance [S], referenced at winding 1",docs/conformance.md; parsing/preservation do not imply solver support
transformer.n_winding.*.g_no_load,number,False,not supplied by schema,True,False,True,"No-load (core-loss) shunt conductance [S], referenced at winding 1",docs/conformance.md; parsing/preservation do not imply solver support
transformer.n_winding.*.s_rating,number,True,not supplied by schema,True,False,True,Transformer power base [VA],docs/conformance.md; parsing/preservation do not imply solver support
transformer.n_winding.*.time_series,object,False,not supplied by schema,False,False,True,"Map from the name of a field of this element to the id of a `time_series` profile. The profile's values multiply the static value of that field, entry by entry over the profile's steps. Only a field this schema defines on this element may be named, and only a numeric one.",docs/conformance.md; parsing/preservation do not imply solver support
transformer.n_winding.*.windings,array,True,not supplied by schema,True,False,True,Ordered list of windings; winding 1 is the reference. Length >= 2.,docs/conformance.md; parsing/preservation do not imply solver support
transformer.n_winding.*.windings[].bus,string,True,not supplied by schema,True,False,True,Bus this winding connects to,docs/conformance.md; parsing/preservation do not imply solver support
transformer.n_winding.*.windings[].configuration,string,True,not supplied by schema,True,False,True,Winding configuration (WYE or DELTA),docs/conformance.md; parsing/preservation do not imply solver support
transformer.n_winding.*.windings[].delta_roll,integer,False,not supplied by schema,True,False,True,"DELTA only: coil rotation / vector-group sense. +1 connects coil k across phases k->k+1, -1 across k->k-1 (OpenDSS's standard delta). Ignored for WYE.",docs/conformance.md; parsing/preservation do not imply solver support
transformer.n_winding.*.windings[].i_max,number,False,not supplied by schema,True,False,True,"Current-magnitude limit [A] applied to each phase coil current of this winding, referred to this winding's own voltage. A per-coil limit, not a per-terminal one: a DELTA winding's coil current is not its terminal current.",docs/conformance.md; parsing/preservation do not imply solver support
transformer.n_winding.*.windings[].r_neutral,number,False,not supplied by schema,False,False,False,Winding-neutral-to-earth resistance [Ohm]. Absence of both neutral impedance fields adds no internal grounding branch; explicitly zero impedance gives solid grounding.,docs/conformance.md; parsing/preservation do not imply solver support
transformer.n_winding.*.windings[].r_winding,number,False,not supplied by schema,True,False,True,Winding series resistance [Ohm] on this winding's own coil base (n_ph*v_nom^2/s_rating),docs/conformance.md; parsing/preservation do not imply solver support
transformer.n_winding.*.windings[].s_rating,number,False,not supplied by schema,False,False,False,Winding rating [VA]. Defaults to the transformer s_rating when absent; the transformer s_rating remains the common short-circuit base.,docs/conformance.md; parsing/preservation do not imply solver support
transformer.n_winding.*.windings[].tap_ratio,number,False,1,False,False,False,Dimensionless multiplier on this winding nominal coil voltage. Referred ideal coil voltages divide by v_nom * tap_ratio.,docs/conformance.md; parsing/preservation do not imply solver support
transformer.n_winding.*.windings[].tap_ratio_max,number,False,not supplied by schema,False,False,False,Upper bound on this winding tap multiplier.,docs/conformance.md; parsing/preservation do not imply solver support
transformer.n_winding.*.windings[].tap_ratio_min,number,False,not supplied by schema,False,False,False,Lower bound on this winding tap multiplier; a nonfixed interval requires a supported tap decision.,docs/conformance.md; parsing/preservation do not imply solver support
transformer.n_winding.*.windings[].terminal_map,array,True,not supplied by schema,True,False,True,Mapping of this winding's terminals to the bus terminals,docs/conformance.md; parsing/preservation do not imply solver support
transformer.n_winding.*.windings[].v_nom,number,True,not supplied by schema,True,False,True,"Winding reference (nominal) coil voltage [V]: line-to-neutral for a WYE winding, line-to-line for a DELTA winding",docs/conformance.md; parsing/preservation do not imply solver support
transformer.n_winding.*.windings[].x_neutral,number,False,not supplied by schema,False,False,False,Winding-neutral-to-earth reactance [Ohm]; see r_neutral.,docs/conformance.md; parsing/preservation do not imply solver support
transformer.n_winding.*.x_sc,object,True,not supplied by schema,True,False,True,"Pairwise short-circuit reactances [Ohm], keyed ""i_j"" with i<j (1-based winding indices), all referred to winding 1's voltage base.",docs/conformance.md; parsing/preservation do not imply solver support
transformer.n_winding.*.x_sc.<^[0-9]+_[0-9]+$>,number,False,not supplied by schema,True,False,True,Non-negative number,docs/conformance.md; parsing/preservation do not imply solver support
transformer.open_delta_regulator,object,False,not supplied by schema,True,False,True,Monolithic three-phase open-delta regulator: two single-phase autotransformer windings connected line-to-line across the phase pairs implied by connection (ABBC/BCAC/CABA).,docs/conformance.md; parsing/preservation do not imply solver support
transformer.open_delta_regulator.*.b_no_load,number,False,not supplied by schema,True,False,True,Per-regulator no-load susceptance [S],docs/conformance.md; parsing/preservation do not imply solver support
transformer.open_delta_regulator.*.bus_from,string,True,not supplied by schema,True,False,True,'from' (source-side) bus,docs/conformance.md; parsing/preservation do not imply solver support
transformer.open_delta_regulator.*.bus_to,string,True,not supplied by schema,True,False,True,'to' (regulated-side) bus,docs/conformance.md; parsing/preservation do not imply solver support
transformer.open_delta_regulator.*.connection,string,True,not supplied by schema,True,False,True,Open-delta phase-pair wiring (GridLAB-D convention): which two line-to-line pairs carry a regulating winding,docs/conformance.md; parsing/preservation do not imply solver support
transformer.open_delta_regulator.*.g_no_load,number,False,not supplied by schema,True,False,True,Per-regulator no-load conductance [S],docs/conformance.md; parsing/preservation do not imply solver support
transformer.open_delta_regulator.*.i_max_from,array,False,not supplied by schema,True,False,True,"Current-magnitude limit [A] on each conductor of the 'from' side, one entry per name in `terminal_map_from` and in that order, on the conductor between the bus terminal and the regulator and referred to that side.",docs/conformance.md; parsing/preservation do not imply solver support
transformer.open_delta_regulator.*.i_max_to,array,False,not supplied by schema,True,False,True,"Current-magnitude limit [A] on each conductor of the 'to' side, one entry per name in `terminal_map_to` and in that order, on the conductor between the bus terminal and the regulator and referred to that side.",docs/conformance.md; parsing/preservation do not imply solver support
transformer.open_delta_regulator.*.r_series_from,number,False,not supplied by schema,True,False,True,Per-regulator series-winding resistance referred to the 'from' side [Ohm],docs/conformance.md; parsing/preservation do not imply solver support
transformer.open_delta_regulator.*.r_series_to,number,False,not supplied by schema,True,False,True,Per-regulator series resistance referred to the 'to' side [Ohm],docs/conformance.md; parsing/preservation do not imply solver support
transformer.open_delta_regulator.*.regulator_type,string,False,not supplied by schema,True,False,True,"ANSI step-voltage-regulator connection: A (series winding on the regulated/output side; n_eff = 1/tap_ratio) or B (series winding on the source side, standard SVR; n_eff = tap_ratio)",docs/conformance.md; parsing/preservation do not imply solver support
transformer.open_delta_regulator.*.s_rating,number,False,not supplied by schema,True,False,True,Regulator bank power base [VA],docs/conformance.md; parsing/preservation do not imply solver support
transformer.open_delta_regulator.*.tap_ratio,array,False,not supplied by schema,True,False,True,"Per-regulator regulation ratios [a1, a2] (length 2). Start values when free.",docs/conformance.md; parsing/preservation do not imply solver support
transformer.open_delta_regulator.*.tap_ratio_max,array,False,not supplied by schema,True,False,True,"Per-regulator upper bounds [a1_max, a2_max] (see tap_ratio_min).",docs/conformance.md; parsing/preservation do not imply solver support
transformer.open_delta_regulator.*.tap_ratio_min,array,False,not supplied by schema,True,False,True,"Per-regulator lower bounds [a1_min, a2_min]. With tap_ratio_min < tap_ratio_max (element-wise) that regulator's tap is a free OPF variable.",docs/conformance.md; parsing/preservation do not imply solver support
transformer.open_delta_regulator.*.terminal_map_from,array,True,not supplied by schema,True,False,True,"Ordered map from the terminals of an element to the terminals of the bus it connects to. Entry i names the bus terminal the element's conductor i connects to, and fixes the conductor ordering of every per-terminal array and every matrix index of the element.",docs/conformance.md; parsing/preservation do not imply solver support
transformer.open_delta_regulator.*.terminal_map_to,array,True,not supplied by schema,True,False,True,"Ordered map from the terminals of an element to the terminals of the bus it connects to. Entry i names the bus terminal the element's conductor i connects to, and fixes the conductor ordering of every per-terminal array and every matrix index of the element.",docs/conformance.md; parsing/preservation do not imply solver support
transformer.open_delta_regulator.*.time_series,object,False,not supplied by schema,False,False,True,"Map from the name of a field of this element to the id of a `time_series` profile. The profile's values multiply the static value of that field, entry by entry over the profile's steps. Only a field this schema defines on this element may be named, and only a numeric one.",docs/conformance.md; parsing/preservation do not imply solver support
transformer.open_delta_regulator.*.x_series_from,number,False,not supplied by schema,True,False,True,Per-regulator series-winding reactance referred to the 'from' side [Ohm],docs/conformance.md; parsing/preservation do not imply solver support
transformer.open_delta_regulator.*.x_series_to,number,False,not supplied by schema,True,False,True,Per-regulator series reactance referred to the 'to' side [Ohm],docs/conformance.md; parsing/preservation do not imply solver support
transformer.single_phase,object,False,not supplied by schema,True,True,True,Single phase transformer object,docs/conformance.md; parsing/preservation do not imply solver support
transformer.single_phase.*.b_no_load,number,False,not supplied by schema,True,False,True,"No-load magnetising shunt susceptance [S], stamped across the 'from'-side winding. Negative for a lagging magnetising current.",docs/conformance.md; parsing/preservation do not imply solver support
transformer.single_phase.*.bus_from,string,True,not supplied by schema,True,True,True,'from' bus for the element,docs/conformance.md; parsing/preservation do not imply solver support
transformer.single_phase.*.bus_to,string,True,not supplied by schema,True,True,True,'to' bus for the element,docs/conformance.md; parsing/preservation do not imply solver support
transformer.single_phase.*.g_no_load,number,False,not supplied by schema,True,False,True,"No-load core-loss shunt conductance [S], stamped across the 'from'-side winding.",docs/conformance.md; parsing/preservation do not imply solver support
transformer.single_phase.*.i_max_from,array,False,not supplied by schema,True,True,True,"Current-magnitude limit [A] of the 'from'-side winding current, one entry per name in `terminal_map_from` and in that order. The bounded quantity is the winding current of that side, in that side's own amperes: it is never referred through the turns ratio, and each side states its own array. Position k bounds the current of winding conductor k, which for a WYE winding is the current in the conductor between bus terminal k and the winding, and for a DELTA winding is the current in coil k, which is not the terminal conductor current. An entry against a neutral terminal bounds the conductor carrying the winding's return current, and for `center_tap` the entry against the centre terminal bounds the centre-tap current, the negated sum of the two leg currents. The constraint is a magnitude circle on the complex winding current, so one entry bounds both of its components.",docs/conformance.md; parsing/preservation do not imply solver support
transformer.single_phase.*.i_max_to,array,False,not supplied by schema,True,True,True,"Current-magnitude limit [A] of the 'to'-side winding current, one entry per name in `terminal_map_to` and in that order. The bounded quantity is the winding current of that side, in that side's own amperes: it is never referred through the turns ratio, and each side states its own array. Position k bounds the current of winding conductor k, which for a WYE winding is the current in the conductor between bus terminal k and the winding, and for a DELTA winding is the current in coil k, which is not the terminal conductor current. An entry against a neutral terminal bounds the conductor carrying the winding's return current, and for `center_tap` the entry against the centre terminal bounds the centre-tap current, the negated sum of the two leg currents. The constraint is a magnitude circle on the complex winding current, so one entry bounds both of its components.",docs/conformance.md; parsing/preservation do not imply solver support
transformer.single_phase.*.r_neutral_from,number,False,not supplied by schema,True,False,True,Grounding resistance [Ohm] of the 'from' winding's own neutral. Absence of both neutral impedance fields adds no internal grounding branch. Explicitly zero impedance grounds that winding neutral solidly. External bus grounding remains separate.,docs/conformance.md; parsing/preservation do not imply solver support
transformer.single_phase.*.r_neutral_to,number,False,not supplied by schema,True,False,True,Grounding resistance [Ohm] of the 'to' winding's own neutral. Absence of both neutral impedance fields adds no internal grounding branch. Explicitly zero impedance grounds that winding neutral solidly. External bus grounding remains separate.,docs/conformance.md; parsing/preservation do not imply solver support
transformer.single_phase.*.r_series_from,number,False,not supplied by schema,True,True,True,Transformer series resistance on the 'from' side [Ohm],docs/conformance.md; parsing/preservation do not imply solver support
transformer.single_phase.*.r_series_to,number,False,not supplied by schema,True,True,True,Transformer series resistance on the 'to' side [Ohm],docs/conformance.md; parsing/preservation do not imply solver support
transformer.single_phase.*.s_rating,number,True,not supplied by schema,True,True,True,Transformer power base [VA],docs/conformance.md; parsing/preservation do not imply solver support
transformer.single_phase.*.tap_ratio,number,False,not supplied by schema,False,False,True,"Off-nominal ratio multiplier on the nameplate turns ratio N = v_nom_from / v_nom_to, so the effective ratio is tap_ratio * N and the ideal winding pair relates the coil voltages by that product. Default 1.0, and the start value when the ratio is a free variable. The regulator subtypes state their own `tap_ratio`, which is a regulation ratio rather than a multiplier, because a regulator has no nameplate ratio to multiply.",docs/conformance.md; parsing/preservation do not imply solver support
transformer.single_phase.*.tap_ratio_max,number,False,not supplied by schema,False,False,True,Upper bound on `tap_ratio`; see `tap_ratio_min`.,docs/conformance.md; parsing/preservation do not imply solver support
transformer.single_phase.*.tap_ratio_min,number,False,not supplied by schema,False,False,True,Lower bound on `tap_ratio`. With `tap_ratio_min` strictly below `tap_ratio_max` the ratio is a free variable of the optimisation; otherwise it is fixed at `tap_ratio`.,docs/conformance.md; parsing/preservation do not imply solver support
transformer.single_phase.*.terminal_map_from,array,True,not supplied by schema,True,True,True,"Ordered map from the terminals of an element to the terminals of the bus it connects to. Entry i names the bus terminal the element's conductor i connects to, and fixes the conductor ordering of every per-terminal array and every matrix index of the element.",docs/conformance.md; parsing/preservation do not imply solver support
transformer.single_phase.*.terminal_map_to,array,True,not supplied by schema,True,True,True,"Ordered map from the terminals of an element to the terminals of the bus it connects to. Entry i names the bus terminal the element's conductor i connects to, and fixes the conductor ordering of every per-terminal array and every matrix index of the element.",docs/conformance.md; parsing/preservation do not imply solver support
transformer.single_phase.*.time_series,object,False,not supplied by schema,True,False,True,"Map from the name of a field of this element to the id of a `time_series` profile. The profile's values multiply the static value of that field, entry by entry over the profile's steps. Only a field this schema defines on this element may be named, and only a numeric one.",docs/conformance.md; parsing/preservation do not imply solver support
transformer.single_phase.*.v_nom_from,number,True,not supplied by schema,True,True,True,Nominal voltage of the 'from'-side winding [V],docs/conformance.md; parsing/preservation do not imply solver support
transformer.single_phase.*.v_nom_to,number,True,not supplied by schema,True,True,True,Nominal voltage of the 'to'-side winding [V],docs/conformance.md; parsing/preservation do not imply solver support
transformer.single_phase.*.x_neutral_from,number,False,not supplied by schema,True,False,True,Grounding reactance [Ohm] of the 'from'-side winding's own neutral; see `r_neutral_from`.,docs/conformance.md; parsing/preservation do not imply solver support
transformer.single_phase.*.x_neutral_to,number,False,not supplied by schema,True,False,True,Grounding reactance [Ohm] of the 'to'-side winding's own neutral; see `r_neutral_to`.,docs/conformance.md; parsing/preservation do not imply solver support
transformer.single_phase.*.x_series_from,number,False,not supplied by schema,True,True,True,Transformer series reactance on the 'from' side [Ohm],docs/conformance.md; parsing/preservation do not imply solver support
transformer.single_phase.*.x_series_to,number,False,not supplied by schema,True,True,True,Transformer series reactance on the 'to' side [Ohm],docs/conformance.md; parsing/preservation do not imply solver support
transformer.single_phase_autotransformer,object,False,not supplied by schema,True,False,True,Single-phase step voltage regulator modelled as an autotransformer (series + common winding sharing a node). The ratio is the fixed tap_ratio; regulator_type selects ANSI Type A or B.,docs/conformance.md; parsing/preservation do not imply solver support
transformer.single_phase_autotransformer.*.b_no_load,number,False,not supplied by schema,True,False,True,No-load (magnetising) susceptance at the 'from' terminals [S],docs/conformance.md; parsing/preservation do not imply solver support
transformer.single_phase_autotransformer.*.bus_from,string,True,not supplied by schema,True,False,True,'from' (source-side) bus,docs/conformance.md; parsing/preservation do not imply solver support
transformer.single_phase_autotransformer.*.bus_to,string,True,not supplied by schema,True,False,True,'to' (regulated-side) bus,docs/conformance.md; parsing/preservation do not imply solver support
transformer.single_phase_autotransformer.*.g_no_load,number,False,not supplied by schema,True,False,True,No-load (core-loss) conductance at the 'from' terminals [S],docs/conformance.md; parsing/preservation do not imply solver support
transformer.single_phase_autotransformer.*.i_max_from,array,False,not supplied by schema,True,False,True,"Current-magnitude limit [A] on each conductor of the 'from' side, one entry per name in `terminal_map_from` and in that order, on the conductor between the bus terminal and the regulator and referred to that side.",docs/conformance.md; parsing/preservation do not imply solver support
transformer.single_phase_autotransformer.*.i_max_to,array,False,not supplied by schema,True,False,True,"Current-magnitude limit [A] on each conductor of the 'to' side, one entry per name in `terminal_map_to` and in that order, on the conductor between the bus terminal and the regulator and referred to that side.",docs/conformance.md; parsing/preservation do not imply solver support
transformer.single_phase_autotransformer.*.r_series_from,number,False,not supplied by schema,True,False,True,Series-winding resistance referred to the 'from' side [Ohm],docs/conformance.md; parsing/preservation do not imply solver support
transformer.single_phase_autotransformer.*.r_series_to,number,False,not supplied by schema,True,False,True,Series resistance referred to the 'to' side [Ohm],docs/conformance.md; parsing/preservation do not imply solver support
transformer.single_phase_autotransformer.*.regulator_type,string,False,not supplied by schema,True,False,True,"ANSI step-voltage-regulator connection: A (series winding on the regulated/output side; n_eff = 1/tap_ratio) or B (series winding on the source side, standard SVR; n_eff = tap_ratio)",docs/conformance.md; parsing/preservation do not imply solver support
transformer.single_phase_autotransformer.*.s_rating,number,False,not supplied by schema,True,False,True,Regulator power base [VA],docs/conformance.md; parsing/preservation do not imply solver support
transformer.single_phase_autotransformer.*.tap_ratio,number,False,not supplied by schema,True,False,True,"Regulation ratio (regulated/source), e.g. in [0.9, 1.1]. Default 1.0. Start value when free.",docs/conformance.md; parsing/preservation do not imply solver support
transformer.single_phase_autotransformer.*.tap_ratio_max,number,False,not supplied by schema,True,False,True,Upper bound on tap_ratio (see tap_ratio_min).,docs/conformance.md; parsing/preservation do not imply solver support
transformer.single_phase_autotransformer.*.tap_ratio_min,number,False,not supplied by schema,True,False,True,Lower bound on tap_ratio. With tap_ratio_min < tap_ratio_max the tap is a free OPF variable; otherwise fixed at 'tap_ratio'.,docs/conformance.md; parsing/preservation do not imply solver support
transformer.single_phase_autotransformer.*.terminal_map_from,array,True,not supplied by schema,True,False,True,"Ordered map from the terminals of an element to the terminals of the bus it connects to. Entry i names the bus terminal the element's conductor i connects to, and fixes the conductor ordering of every per-terminal array and every matrix index of the element.",docs/conformance.md; parsing/preservation do not imply solver support
transformer.single_phase_autotransformer.*.terminal_map_to,array,True,not supplied by schema,True,False,True,"Ordered map from the terminals of an element to the terminals of the bus it connects to. Entry i names the bus terminal the element's conductor i connects to, and fixes the conductor ordering of every per-terminal array and every matrix index of the element.",docs/conformance.md; parsing/preservation do not imply solver support
transformer.single_phase_autotransformer.*.time_series,object,False,not supplied by schema,False,False,True,"Map from the name of a field of this element to the id of a `time_series` profile. The profile's values multiply the static value of that field, entry by entry over the profile's steps. Only a field this schema defines on this element may be named, and only a numeric one.",docs/conformance.md; parsing/preservation do not imply solver support
transformer.single_phase_autotransformer.*.x_series_from,number,False,not supplied by schema,True,False,True,Series-winding reactance referred to the 'from' side [Ohm],docs/conformance.md; parsing/preservation do not imply solver support
transformer.single_phase_autotransformer.*.x_series_to,number,False,not supplied by schema,True,False,True,Series reactance referred to the 'to' side [Ohm],docs/conformance.md; parsing/preservation do not imply solver support
transformer.wye_delta,object,False,not supplied by schema,True,True,True,"Wye-to-Delta transformer object, with series impedance defined on the wye-side",docs/conformance.md; parsing/preservation do not imply solver support
transformer.wye_delta.*.b_no_load,number,False,not supplied by schema,True,False,True,"No-load magnetising shunt susceptance [S], stamped across the 'from'-side winding. Negative for a lagging magnetising current.",docs/conformance.md; parsing/preservation do not imply solver support
transformer.wye_delta.*.bus_from,string,True,not supplied by schema,True,True,True,'from' bus for the element,docs/conformance.md; parsing/preservation do not imply solver support
transformer.wye_delta.*.bus_to,string,True,not supplied by schema,True,True,True,'to' bus for the element,docs/conformance.md; parsing/preservation do not imply solver support
transformer.wye_delta.*.g_no_load,number,False,not supplied by schema,True,False,True,"No-load core-loss shunt conductance [S], stamped across the 'from'-side winding.",docs/conformance.md; parsing/preservation do not imply solver support
transformer.wye_delta.*.i_max_from,array,False,not supplied by schema,True,True,True,"Current-magnitude limit [A] of the 'from'-side winding current, one entry per name in `terminal_map_from` and in that order. The bounded quantity is the winding current of that side, in that side's own amperes: it is never referred through the turns ratio, and each side states its own array. Position k bounds the current of winding conductor k, which for a WYE winding is the current in the conductor between bus terminal k and the winding, and for a DELTA winding is the current in coil k, which is not the terminal conductor current. An entry against a neutral terminal bounds the conductor carrying the winding's return current, and for `center_tap` the entry against the centre terminal bounds the centre-tap current, the negated sum of the two leg currents. The constraint is a magnitude circle on the complex winding current, so one entry bounds both of its components.",docs/conformance.md; parsing/preservation do not imply solver support
transformer.wye_delta.*.i_max_to,array,False,not supplied by schema,True,True,True,"Current-magnitude limit [A] of the 'to'-side winding current, one entry per name in `terminal_map_to` and in that order. The bounded quantity is the winding current of that side, in that side's own amperes: it is never referred through the turns ratio, and each side states its own array. Position k bounds the current of winding conductor k, which for a WYE winding is the current in the conductor between bus terminal k and the winding, and for a DELTA winding is the current in coil k, which is not the terminal conductor current. An entry against a neutral terminal bounds the conductor carrying the winding's return current, and for `center_tap` the entry against the centre terminal bounds the centre-tap current, the negated sum of the two leg currents. The constraint is a magnitude circle on the complex winding current, so one entry bounds both of its components.",docs/conformance.md; parsing/preservation do not imply solver support
transformer.wye_delta.*.r_neutral_from,number,False,not supplied by schema,True,False,True,Grounding resistance [Ohm] of the 'from' winding's own neutral. Absence of both neutral impedance fields adds no internal grounding branch. Explicitly zero impedance grounds that winding neutral solidly. External bus grounding remains separate.,docs/conformance.md; parsing/preservation do not imply solver support
transformer.wye_delta.*.r_neutral_to,number,False,not supplied by schema,True,False,True,Grounding resistance [Ohm] of the 'to' winding's own neutral. Absence of both neutral impedance fields adds no internal grounding branch. Explicitly zero impedance grounds that winding neutral solidly. External bus grounding remains separate.,docs/conformance.md; parsing/preservation do not imply solver support
transformer.wye_delta.*.r_series,number,False,not supplied by schema,True,True,True,"Transformer series resistance, defined on the wye-side winding [Ohm]",docs/conformance.md; parsing/preservation do not imply solver support
transformer.wye_delta.*.s_rating,number,True,not supplied by schema,True,True,True,Transformer power base [VA],docs/conformance.md; parsing/preservation do not imply solver support
transformer.wye_delta.*.tap_ratio,number,False,not supplied by schema,False,False,True,"Off-nominal ratio multiplier on the nameplate turns ratio N = v_nom_from / v_nom_to, so the effective ratio is tap_ratio * N and the ideal winding pair relates the coil voltages by that product. Default 1.0, and the start value when the ratio is a free variable. The regulator subtypes state their own `tap_ratio`, which is a regulation ratio rather than a multiplier, because a regulator has no nameplate ratio to multiply.",docs/conformance.md; parsing/preservation do not imply solver support
transformer.wye_delta.*.tap_ratio_max,number,False,not supplied by schema,False,False,True,Upper bound on `tap_ratio`; see `tap_ratio_min`.,docs/conformance.md; parsing/preservation do not imply solver support
transformer.wye_delta.*.tap_ratio_min,number,False,not supplied by schema,False,False,True,Lower bound on `tap_ratio`. With `tap_ratio_min` strictly below `tap_ratio_max` the ratio is a free variable of the optimisation; otherwise it is fixed at `tap_ratio`.,docs/conformance.md; parsing/preservation do not imply solver support
transformer.wye_delta.*.terminal_map_from,array,True,not supplied by schema,True,True,True,"Ordered map from the terminals of an element to the terminals of the bus it connects to. Entry i names the bus terminal the element's conductor i connects to, and fixes the conductor ordering of every per-terminal array and every matrix index of the element.",docs/conformance.md; parsing/preservation do not imply solver support
transformer.wye_delta.*.terminal_map_to,array,True,not supplied by schema,True,True,True,"Ordered map from the terminals of an element to the terminals of the bus it connects to. Entry i names the bus terminal the element's conductor i connects to, and fixes the conductor ordering of every per-terminal array and every matrix index of the element.",docs/conformance.md; parsing/preservation do not imply solver support
transformer.wye_delta.*.time_series,object,False,not supplied by schema,True,False,True,"Map from the name of a field of this element to the id of a `time_series` profile. The profile's values multiply the static value of that field, entry by entry over the profile's steps. Only a field this schema defines on this element may be named, and only a numeric one.",docs/conformance.md; parsing/preservation do not imply solver support
transformer.wye_delta.*.v_nom_from,number,True,not supplied by schema,True,True,True,Nominal phase-to-phase voltage of the 'from'-side winding [V],docs/conformance.md; parsing/preservation do not imply solver support
transformer.wye_delta.*.v_nom_to,number,True,not supplied by schema,True,True,True,Nominal phase-to-phase voltage of the 'to'-side winding [V],docs/conformance.md; parsing/preservation do not imply solver support
transformer.wye_delta.*.x_neutral_from,number,False,not supplied by schema,True,False,True,Grounding reactance [Ohm] of the 'from'-side winding's own neutral; see `r_neutral_from`.,docs/conformance.md; parsing/preservation do not imply solver support
transformer.wye_delta.*.x_neutral_to,number,False,not supplied by schema,True,False,True,Grounding reactance [Ohm] of the 'to'-side winding's own neutral; see `r_neutral_to`.,docs/conformance.md; parsing/preservation do not imply solver support
transformer.wye_delta.*.x_series,number,False,not supplied by schema,True,True,True,"Transformer series reactance, defined on the wye-side winding [Ohm]",docs/conformance.md; parsing/preservation do not imply solver support
voltage_source,object,True,not supplied by schema,True,True,True,Voltage source element,docs/conformance.md; parsing/preservation do not imply solver support
voltage_source.*.bus,string,True,not supplied by schema,True,True,True,bus the element is connected to,docs/conformance.md; parsing/preservation do not imply solver support
voltage_source.*.cost,array,False,not supplied by schema,False,False,True,"Linear active-power cost [$/kWh] of each phase conductor of the source, one entry per phase conductor in `terminal_map` order. The source is not special in the objective: a positive injection is an import, so a positive entry is the import price and an export is credited at the same price. A scalar is rejected. Absent, the source carries no objective term.",docs/conformance.md; parsing/preservation do not imply solver support
voltage_source.*.p_max,array,False,not supplied by schema,False,False,True,"Maximum active power [W] delivered by each phase conductor of the source, one entry per phase conductor in `terminal_map` order.",docs/conformance.md; parsing/preservation do not imply solver support
voltage_source.*.p_min,array,False,not supplied by schema,False,False,True,"Minimum active power [W] delivered by each phase conductor of the source, one entry per phase conductor in `terminal_map` order.",docs/conformance.md; parsing/preservation do not imply solver support
voltage_source.*.terminal_map,array,True,not supplied by schema,True,True,True,"Ordered map from the terminals of an element to the terminals of the bus it connects to. Entry i names the bus terminal the element's conductor i connects to, and fixes the conductor ordering of every per-terminal array and every matrix index of the element.",docs/conformance.md; parsing/preservation do not imply solver support
voltage_source.*.time_series,object,False,not supplied by schema,True,False,True,"Map from the name of a field of this element to the id of a `time_series` profile. The profile's values multiply the static value of that field, entry by entry over the profile's steps. Only a field this schema defines on this element may be named, and only a numeric one.",docs/conformance.md; parsing/preservation do not imply solver support
voltage_source.*.v_angle,array,True,not supplied by schema,True,True,True,"Voltage angle [rad] the source holds at each of its terminals, one entry per name in `terminal_map`, in that order.",docs/conformance.md; parsing/preservation do not imply solver support
voltage_source.*.v_magnitude,array,True,not supplied by schema,True,True,True,"Voltage magnitude [V] the source holds at each of its terminals, phase to ground, one entry per name in `terminal_map`, in that order. A grounded terminal states 0.",docs/conformance.md; parsing/preservation do not imply solver support
wire_data,object,False,not supplied by schema,True,False,True,"Conductor and cable type library: construction data with no geometry, referenced by a `line_geometry` conductor. Resistance in Ohm/m, lengths in m, current in A, temperature in degC.",docs/conformance.md; parsing/preservation do not imply solver support
wire_data.*.alpha_20,number,False,not supplied by schema,True,False,True,"Temperature coefficient of resistance at 20 degC [1/K] for temperature correction, e.g. 0.00393 (Cu), 0.00403 (Al)",docs/conformance.md; parsing/preservation do not imply solver support
wire_data.*.cap_radius,number,False,not supplied by schema,True,False,True,Electrostatic (capacitance) radius [m]; defaults to radius. Distinct field so bundled conductors can use an equivalent radius,docs/conformance.md; parsing/preservation do not imply solver support
wire_data.*.d_cable,number,False,not supplied by schema,True,False,True,Overall cable diameter [m] (cables only),docs/conformance.md; parsing/preservation do not imply solver support
wire_data.*.d_insulation,number,False,not supplied by schema,True,False,True,Diameter over the insulation [m] (cables only),docs/conformance.md; parsing/preservation do not imply solver support
wire_data.*.d_shield,number,False,not supplied by schema,True,False,True,Diameter over the tape shield [m] (ts_cable only),docs/conformance.md; parsing/preservation do not imply solver support
wire_data.*.d_strand,number,False,not supplied by schema,True,False,True,Diameter of one concentric-neutral strand [m] (cn_cable only),docs/conformance.md; parsing/preservation do not imply solver support
wire_data.*.eps_r,number,False,not supplied by schema,True,False,True,Relative permittivity of the cable insulation (cables only); OpenDSS default 2.3,docs/conformance.md; parsing/preservation do not imply solver support
wire_data.*.gmr,number,False,not supplied by schema,True,False,True,Geometric mean radius of the (phase) conductor [m]. At least one of gmr/radius required; the other defaults via gmr = 0.7788 radius (solid round),docs/conformance.md; parsing/preservation do not imply solver support
wire_data.*.gmr_strand,number,False,not supplied by schema,True,False,True,GMR of one concentric-neutral strand [m] (cn_cable only); defaults to 0.7788 d_strand/2,docs/conformance.md; parsing/preservation do not imply solver support
wire_data.*.i_max,number,False,not supplied by schema,True,False,True,Continuous current rating of the conductor [A],docs/conformance.md; parsing/preservation do not imply solver support
wire_data.*.i_max_emergency,number,False,not supplied by schema,True,False,True,Emergency current rating [A],docs/conformance.md; parsing/preservation do not imply solver support
wire_data.*.kind,string,True,not supplied by schema,True,False,True,"Conductor construction: bare overhead round wire, concentric-neutral cable, or tape-shield cable",docs/conformance.md; parsing/preservation do not imply solver support
wire_data.*.n_strands,integer,False,not supplied by schema,True,False,True,Number of concentric-neutral strands (cn_cable only),docs/conformance.md; parsing/preservation do not imply solver support
wire_data.*.r_ac,number,False,not supplied by schema,True,False,True,AC resistance per unit length at power frequency and temperature_ref [Ohm/m],docs/conformance.md; parsing/preservation do not imply solver support
wire_data.*.r_dc,number,False,not supplied by schema,True,False,True,DC resistance per unit length at temperature_ref [Ohm/m]. At least one of r_dc/r_ac is required (checked in the Julia layer); the other defaults via r_ac = 1.02 r_dc,docs/conformance.md; parsing/preservation do not imply solver support
wire_data.*.r_strand,number,False,not supplied by schema,True,False,True,Resistance per unit length of one concentric-neutral strand [Ohm/m] (cn_cable only),docs/conformance.md; parsing/preservation do not imply solver support
wire_data.*.radius,number,False,not supplied by schema,True,False,True,Physical outside radius of the (phase) conductor [m],docs/conformance.md; parsing/preservation do not imply solver support
wire_data.*.t_insulation,number,False,not supplied by schema,True,False,True,Insulation layer thickness [m] (cables only),docs/conformance.md; parsing/preservation do not imply solver support
wire_data.*.t_tape,number,False,not supplied by schema,True,False,True,Tape shield thickness [m] (ts_cable only),docs/conformance.md; parsing/preservation do not imply solver support
wire_data.*.tape_lap,number,False,not supplied by schema,True,False,True,Tape shield overlap [percent] (ts_cable only); OpenDSS default 20,docs/conformance.md; parsing/preservation do not imply solver support
wire_data.*.temperature_ref,number,False,not supplied by schema,True,False,True,Reference temperature of r_dc/r_ac [degC]; default 20,docs/conformance.md; parsing/preservation do not imply solver support
